z,n,name,decayMode
0,1,Neutron,B-
1,2,3H,B-
1,3,4H,N
1,4,5H,2N
1,6,7H,2N
2,3,5He,N
2,4,6He,B-
2,5,7He,N
2,6,8He,B-
2,6,8He,B-N
2,7,9He,N
2,8,10He,2N
3,1,4Li,P
3,2,5Li,P
3,5,8Li,B-
3,5,8Li,B-A
3,6,9Li,B-
3,6,9Li,B-A
3,6,9Li,B-N
3,7,10Li,N
3,8,11Li,B-
3,8,11Li,B-N
3,8,11Li,B-2N
3,8,11Li,B-3N
3,8,11Li,B-A
3,9,12Li,N
3,10,13Li,2N
4,2,6Be,2P
4,3,7Be,EC
4,4,8Be,A
4,6,10Be,B-
4,7,11Be,B-
4,7,11Be,B-A
4,8,12Be,B-
4,8,12Be,B-N
4,9,13Be,N
4,11,15Be,N
4,12,16Be,2N
4,10,14Be,B-
4,10,14Be,B-N
4,10,14Be,B-2N
4,10,14Be,B-A
5,12,17B,B-
5,12,17B,B-N
5,12,17B,B-2N
5,12,17B,B-3N
5,12,17B,B-4N
5,13,18B,N
5,14,19B,B-
5,14,19B,B-N
5,14,19B,B-2N
5,14,19B,B-3N
5,15,20B,N
5,16,21B,2N
5,10,15B,B-
5,10,15B,B-N
5,10,15B,B-2N
5,11,16B,N
5,2,7B,P
5,3,8B,EC+B+
5,3,8B,ECA
5,4,9B,P
5,7,12B,B-
5,7,12B,B-A
5,8,13B,B-
5,8,13B,B-N
5,9,14B,B-
5,9,14B,B-N
6,2,8C,2P
6,3,9C,EC+B+
6,3,9C,ECP
6,3,9C,ECA
6,4,10C,EC+B+
6,5,11C,EC+B+
6,8,14C,B-
6,9,15C,B-
6,14,20C,B-
6,14,20C,B-N
6,14,20C,B-2N
6,13,19C,B-
6,13,19C,B-N
6,13,19C,B-2N
6,16,22C,B-
6,16,22C,B-N
6,16,22C,B-2N
6,10,16C,B-
6,10,16C,B-N
6,12,18C,B-
6,12,18C,B-N
6,12,18C,B-2N
6,11,17C,B-
6,11,17C,B-N
6,11,17C,B-2N
7,15,22N,B-
7,15,22N,B-N
7,15,22N,B-2N
7,14,21N,B-
7,14,21N,B-N
7,14,21N,B-2N
7,17,24N,N
7,16,23N,B-
7,16,23N,B-N
7,16,23N,B-2N
7,16,23N,B-3N
7,11,18N,B-
7,11,18N,B-A
7,11,18N,B-N
7,11,18N,B-2N
7,10,17N,B-
7,10,17N,B-N
7,10,17N,B-A
7,13,20N,B-
7,13,20N,B-N
7,13,20N,B-2N
7,12,19N,B-
7,12,19N,B-N
7,3,10N,P
7,4,11N,P
7,5,12N,EC+B+
7,5,12N,ECA
7,6,13N,EC+B+
7,9,16N,B-
7,9,16N,B-A
8,17,25O,N
8,18,26O,2N
8,15,23O,B-
8,15,23O,B-N
8,16,24O,B-
8,16,24O,B-N
8,13,21O,B-
8,14,22O,B-
8,14,22O,B-N
8,11,19O,B-
8,12,20O,B-
8,20,28O,2N
8,3,11O,2P
8,4,12O,2P
8,5,13O,EC+B+
8,5,13O,ECP
8,6,14O,EC+B+
8,7,15O,EC+B+
9,18,27F,B-
9,18,27F,B-N
9,18,27F,B-2N
9,19,28F,N
9,16,25F,B-
9,16,25F,B-N
9,16,25F,B-2N
9,17,26F,B-
9,17,26F,B-N
9,17,26F,B-2N
9,17,26F,IT
9,17,26F,B-
9,17,26F,B-N
9,11,20F,B-
9,14,23F,B-
9,14,23F,B-N
9,15,24F,B-
9,15,24F,B-N
9,12,21F,B-
9,13,22F,B-
9,13,22F,B-N
9,21,30F,N
9,22,31F,B-
9,22,31F,B-N
9,22,31F,B-2N
9,20,29F,B-
9,20,29F,B-N
9,20,29F,B-2N
9,5,14F,P
9,6,15F,P
9,7,16F,P
9,8,17F,EC+B+
9,9,18F,EC+B+
10,13,23Ne,B-
10,14,24Ne,B-
10,15,25Ne,B-
10,16,26Ne,B-
10,16,26Ne,B-N
10,17,27Ne,B-
10,17,27Ne,B-N
10,17,27Ne,B-2N
10,18,28Ne,B-
10,18,28Ne,B-N
10,18,28Ne,B-2N
10,19,29Ne,B-
10,19,29Ne,B-N
10,19,29Ne,B-2N
10,20,30Ne,B-
10,20,30Ne,B-N
10,20,30Ne,B-2N
10,21,31Ne,B-
10,21,31Ne,B-N
10,21,31Ne,B-2N
10,22,32Ne,B-
10,22,32Ne,B-N
10,22,32Ne,B-2N
10,23,33Ne,N
10,24,34Ne,B-
10,24,34Ne,B-N
10,24,34Ne,B-2N
10,9,19Ne,EC+B+
10,7,17Ne,EC+B+
10,7,17Ne,ECP
10,7,17Ne,ECA
10,8,18Ne,EC+B+
10,5,15Ne,2P
10,6,16Ne,2P
11,9,20Na,EC+B+
11,9,20Na,ECA
11,8,19Na,P
11,7,18Na,P
11,6,17Na,P
11,21,32Na,B-
11,21,32Na,B-N
11,21,32Na,B-2N
11,20,31Na,B-
11,20,31Na,B-N
11,20,31Na,B-2N
11,23,34Na,B-
11,23,34Na,B-N
11,23,34Na,B-2N
11,22,33Na,B-
11,22,33Na,B-N
11,22,33Na,B-2N
11,24,35Na,B-
11,24,35Na,B-N
11,24,35Na,B-2N
11,26,37Na,B-
11,26,37Na,B-N
11,26,37Na,B-2N
11,10,21Na,EC+B+
11,11,22Na,EC+B+
11,14,25Na,B-
11,13,24Na,B-
11,16,27Na,B-
11,16,27Na,B-N
11,15,26Na,B-
11,18,29Na,B-
11,18,29Na,B-N
11,18,29Na,B-2N
11,17,28Na,B-
11,17,28Na,B-N
11,19,30Na,B-
11,19,30Na,B-N
11,19,30Na,B-2N
11,19,30Na,B-A
12,11,23Mg,EC+B+
12,10,22Mg,EC+B+
12,15,27Mg,B-
12,17,29Mg,B-
12,16,28Mg,B-
12,19,31Mg,B-
12,19,31Mg,B-N
12,18,30Mg,B-
12,18,30Mg,B-N
12,20,32Mg,B-
12,20,32Mg,B-N
12,22,34Mg,B-
12,22,34Mg,B-N
12,22,34Mg,B-2N
12,21,33Mg,B-
12,21,33Mg,B-N
12,21,33Mg,B-2N
12,24,36Mg,B-
12,24,36Mg,B-N
12,24,36Mg,B-2N
12,23,35Mg,B-
12,23,35Mg,B-N
12,23,35Mg,B-2N
12,26,38Mg,B-
12,26,38Mg,B-N
12,26,38Mg,B-2N
12,25,37Mg,B-
12,25,37Mg,B-N
12,25,37Mg,B-2N
12,28,40Mg,B-
12,28,40Mg,B-N
12,28,40Mg,B-2N
12,9,21Mg,EC+B+
12,9,21Mg,ECA
12,9,21Mg,ECP
12,8,20Mg,EC+B+
12,8,20Mg,ECP
12,7,19Mg,2P
12,6,18Mg,2P
13,9,22Al,EC+B+
13,9,22Al,ECP
13,9,22Al,EC2P
13,9,22Al,ECA
13,8,21Al,P
13,22,35Al,B-
13,22,35Al,B-N
13,22,35Al,B-2N
13,23,36Al,B-
13,23,36Al,B-N
13,23,36Al,B-2N
13,20,33Al,B-
13,20,33Al,B-N
13,21,34Al,B-
13,21,34Al,B-N
13,21,34Al,B-2N
13,21,34Al,B-
13,21,34Al,B-N
13,21,34Al,B-2N
13,26,39Al,B-
13,26,39Al,B-N
13,26,39Al,B-2N
13,27,40Al,B-
13,27,40Al,B-N
13,27,40Al,B-2N
13,24,37Al,B-
13,24,37Al,B-N
13,24,37Al,B-2N
13,25,38Al,B-
13,25,38Al,B-N
13,25,38Al,B-2N
13,28,41Al,B-
13,28,41Al,B-N
13,28,41Al,B-2N
13,29,42Al,B-
13,29,42Al,B-N
13,29,42Al,B-2N
13,30,43Al,B-
13,30,43Al,B-N
13,30,43Al,B-2N
13,11,24Al,EC+B+
13,11,24Al,ECA
13,11,24Al,ECP
13,11,24Al,EC+B+
13,11,24Al,IT
13,11,24Al,ECA
13,12,25Al,EC+B+
13,10,23Al,EC+B+
13,10,23Al,ECP
13,15,28Al,B-
13,16,29Al,B-
13,13,26Al,EC+B+
13,13,26Al,EC+B+
13,19,32Al,B-
13,19,32Al,B-N
13,17,30Al,B-
13,18,31Al,B-
13,18,31Al,B-N
14,30,44Si,B-
14,30,44Si,B-N
14,30,44Si,B-2N
14,12,26Si,EC+B+
14,13,27Si,EC+B+
14,10,24Si,EC+B+
14,10,24Si,ECP
14,11,25Si,EC+B+
14,11,25Si,ECP
14,17,31Si,B-
14,18,32Si,B-
14,19,33Si,B-
14,23,37Si,B-
14,23,37Si,B-N
14,23,37Si,B-2N
14,24,38Si,B-
14,24,38Si,B-N
14,21,35Si,B-
14,21,35Si,B-N
14,22,36Si,B-
14,22,36Si,B-N
14,27,41Si,B-
14,27,41Si,B-N
14,27,41Si,B-2N
14,28,42Si,B-
14,28,42Si,B-N
14,28,42Si,B-2N
14,25,39Si,B-
14,25,39Si,B-N
14,25,39Si,B-2N
14,26,40Si,B-
14,26,40Si,B-N
14,26,40Si,B-2N
14,20,34Si,B-
14,29,43Si,B-
14,29,43Si,B-N
14,29,43Si,B-2N
14,9,23Si,EC+B+
14,9,23Si,ECP
14,9,23Si,EC2P
14,9,23Si,EC3P
14,8,22Si,EC+B+
14,8,22Si,ECP
14,8,22Si,EC2P
15,25,40P,B-
15,25,40P,B-N
15,25,40P,B-2N
15,24,39P,B-
15,24,39P,B-N
15,23,38P,B-
15,23,38P,B-N
15,22,37P,B-
15,22,37P,B-N
15,29,44P,B-
15,29,44P,B-N
15,29,44P,B-2N
15,28,43P,B-
15,28,43P,B-N
15,28,43P,B-2N
15,27,42P,B-
15,27,42P,B-N
15,27,42P,B-2N
15,26,41P,B-
15,26,41P,B-N
15,26,41P,B-2N
15,21,36P,B-
15,21,36P,B-N
15,20,35P,B-
15,32,47P,B-
15,32,47P,B-N
15,32,47P,B-2N
15,31,46P,B-
15,31,46P,B-N
15,31,46P,B-2N
15,30,45P,B-
15,30,45P,B-N
15,30,45P,B-2N
15,14,29P,EC+B+
15,13,28P,EC+B+
15,13,28P,ECP
15,13,28P,ECA
15,12,27P,EC+B+
15,12,27P,ECP
15,11,26P,EC+B+
15,11,26P,ECP
15,11,26P,EC2P
15,18,33P,B-
15,17,32P,B-
15,15,30P,EC+B+
15,10,25P,P
15,19,34P,B-
16,33,49S,B-
16,33,49S,B-N
16,33,49S,B-2N
16,32,48S,B-
16,32,48S,B-N
16,32,48S,B-2N
16,31,47S,B-
16,31,47S,B-N
16,31,47S,B-2N
16,30,46S,B-
16,30,46S,B-N
16,30,46S,B-2N
16,15,31S,EC+B+
16,14,30S,EC+B+
16,13,29S,EC+B+
16,13,29S,ECP
16,12,28S,EC+B+
16,12,28S,ECP
16,19,35S,B-
16,11,27S,EC+B+
16,11,27S,ECP
16,11,27S,EC2P
16,10,26S,P
16,26,42S,B-
16,26,42S,B-N
16,25,41S,B-
16,25,41S,B-N
16,24,40S,B-
16,23,39S,B-
16,29,45S,B-
16,29,45S,B-N
16,29,45S,B-2N
16,28,44S,B-
16,28,44S,B-N
16,27,43S,B-
16,27,43S,B-N
16,22,38S,B-
16,21,37S,B-
17,28,45Cl,B-
17,28,45Cl,B-N
17,29,46Cl,B-
17,29,46Cl,B-N
17,29,46Cl,B-2N
17,24,41Cl,B-
17,25,42Cl,B-
17,25,42Cl,B-N
17,26,43Cl,B-
17,26,43Cl,B-N
17,27,44Cl,B-
17,27,44Cl,B-N
17,21,38Cl,B-
17,21,38Cl,IT
17,22,39Cl,B-
17,23,40Cl,B-
17,35,52Cl,B-
17,35,52Cl,B-N
17,35,52Cl,B-2N
17,31,48Cl,B-
17,31,48Cl,B-N
17,31,48Cl,B-2N
17,32,49Cl,B-
17,32,49Cl,B-N
17,32,49Cl,B-2N
17,33,50Cl,B-
17,33,50Cl,B-N
17,33,50Cl,B-2N
17,34,51Cl,B-
17,34,51Cl,B-N
17,34,51Cl,B-2N
17,30,47Cl,B-
17,30,47Cl,B-N
17,30,47Cl,B-2N
17,17,34Cl,EC+B+
17,17,34Cl,EC+B+
17,17,34Cl,IT
17,19,36Cl,B-
17,19,36Cl,EC+B+
17,13,30Cl,P
17,14,31Cl,EC+B+
17,14,31Cl,ECP
17,15,32Cl,EC+B+
17,15,32Cl,ECP
17,15,32Cl,ECA
17,16,33Cl,EC+B+
17,11,28Cl,P
17,12,29Cl,P
18,36,54Ar,B-
18,36,54Ar,B-N
18,36,54Ar,B-2N
18,32,50Ar,B-
18,32,50Ar,B-N
18,32,50Ar,B-2N
18,33,51Ar,B-
18,33,51Ar,B-N
18,33,51Ar,B-2N
18,34,52Ar,B-
18,34,52Ar,B-N
18,34,52Ar,B-2N
18,35,53Ar,B-
18,35,53Ar,B-N
18,35,53Ar,B-2N
18,30,48Ar,B-
18,30,48Ar,B-N
18,31,49Ar,B-
18,31,49Ar,B-N
18,31,49Ar,B-2N
18,19,37Ar,EC
18,14,32Ar,EC+B+
18,14,32Ar,ECP
18,15,33Ar,EC+B+
18,15,33Ar,ECP
18,16,34Ar,EC+B+
18,17,35Ar,EC+B+
18,11,29Ar,2P
18,12,30Ar,2P
18,13,31Ar,EC+B+
18,13,31Ar,ECP
18,13,31Ar,EC2P
18,13,31Ar,EC3P
18,13,31Ar,2P
18,13,31Ar,ECAP
18,13,31Ar,ECA
18,29,47Ar,B-
18,29,47Ar,B-N
18,25,43Ar,B-
18,26,44Ar,B-
18,27,45Ar,B-
18,28,46Ar,B-
18,21,39Ar,B-
18,23,41Ar,B-
18,24,42Ar,B-
19,40,59K,B-
19,40,59K,B-N
19,40,59K,B-2N
19,27,46K,B-
19,26,45K,B-
19,29,48K,B-
19,29,48K,B-N
19,28,47K,B-
19,23,42K,B-
19,25,44K,B-
19,24,43K,B-
19,21,40K,B-
19,21,40K,EC+B+
19,38,57K,B-
19,38,57K,B-N
19,38,57K,B-2N
19,37,56K,B-
19,37,56K,B-N
19,37,56K,B-2N
19,34,53K,B-
19,34,53K,B-N
19,34,53K,B-2N
19,33,52K,B-
19,33,52K,B-N
19,33,52K,B-2N
19,36,55K,B-
19,36,55K,B-N
19,36,55K,B-2N
19,35,54K,B-
19,35,54K,B-N
19,35,54K,B-2N
19,30,49K,B-
19,30,49K,B-N
19,32,51K,B-
19,32,51K,B-N
19,32,51K,B-2N
19,31,50K,B-
19,31,50K,B-N
19,31,50K,B-2N
19,19,38K,EC+B+
19,19,38K,EC+B+
19,19,38K,IT
19,16,35K,EC+B+
19,16,35K,ECP
19,18,37K,EC+B+
19,17,36K,EC+B+
19,17,36K,ECP
19,17,36K,ECA
19,12,31K,3P
20,39,59Ca,B-
20,39,59Ca,B-N
20,39,59Ca,B-2N
20,38,58Ca,B-
20,38,58Ca,B-N
20,38,58Ca,B-2N
20,37,57Ca,B-
20,37,57Ca,B-N
20,37,57Ca,B-2N
20,36,56Ca,B-
20,36,56Ca,B-N
20,36,56Ca,B-2N
20,35,55Ca,B-
20,35,55Ca,B-N
20,35,55Ca,B-2N
20,34,54Ca,B-
20,34,54Ca,B-N
20,33,53Ca,B-
20,33,53Ca,B-N
20,32,52Ca,B-
20,32,52Ca,B-N
20,31,51Ca,B-
20,31,51Ca,B-N
20,30,50Ca,B-
20,40,60Ca,B-
20,40,60Ca,B-N
20,40,60Ca,B-2N
20,19,39Ca,EC+B+
20,18,38Ca,EC+B+
20,17,37Ca,EC+B+
20,17,37Ca,ECP
20,16,36Ca,EC+B+
20,16,36Ca,ECP
20,15,35Ca,EC+B+
20,15,35Ca,ECP
20,15,35Ca,EC2P
20,29,49Ca,B-
20,28,48Ca,2B-
20,28,48Ca,B-
20,27,47Ca,B-
20,25,45Ca,B-
20,21,41Ca,EC
21,29,50Sc,B-
21,29,50Sc,IT
21,29,50Sc,B-
21,28,49Sc,B-
21,27,48Sc,B-
21,26,47Sc,B-
21,25,46Sc,B-
21,25,46Sc,IT
21,24,45Sc,IT
21,23,44Sc,EC+B+
21,23,44Sc,EC+B+
21,23,44Sc,IT
21,22,43Sc,EC+B+
21,21,42Sc,EC+B+
21,21,42Sc,EC+B+
21,20,41Sc,EC+B+
21,39,60Sc,B-
21,39,60Sc,B-N
21,39,60Sc,B-2N
21,38,59Sc,B-
21,38,59Sc,B-N
21,38,59Sc,B-2N
21,37,58Sc,B-
21,37,58Sc,B-N
21,37,58Sc,B-2N
21,36,57Sc,B-
21,36,57Sc,B-N
21,36,57Sc,B-2N
21,35,56Sc,B-
21,35,56Sc,B-N
21,35,56Sc,B-2N
21,34,55Sc,B-
21,34,55Sc,B-N
21,33,54Sc,B-
21,33,54Sc,B-N
21,32,53Sc,B-
21,32,53Sc,B-N
21,31,52Sc,B-
21,31,52Sc,B-N
21,30,51Sc,B-
21,30,51Sc,B-N
21,19,40Sc,EC+B+
21,19,40Sc,ECP
21,19,40Sc,ECA
21,18,39Sc,P
21,41,62Sc,B-
21,41,62Sc,B-N
21,41,62Sc,B-2N
21,40,61Sc,B-
21,40,61Sc,B-N
21,40,61Sc,B-2N
22,39,61Ti,B-
22,39,61Ti,B-N
22,39,61Ti,B-2N
22,38,60Ti,B-
22,38,60Ti,B-N
22,38,60Ti,B-2N
22,37,59Ti,B-
22,37,59Ti,B-N
22,37,59Ti,B-2N
22,36,58Ti,B-
22,36,58Ti,B-N
22,35,57Ti,B-
22,35,57Ti,B-N
22,34,56Ti,B-
22,34,56Ti,B-N
22,33,55Ti,B-
22,32,54Ti,B-
22,31,53Ti,B-
22,30,52Ti,B-
22,42,64Ti,B-
22,42,64Ti,B-N
22,42,64Ti,B-2N
22,41,63Ti,B-
22,41,63Ti,B-N
22,41,63Ti,B-2N
22,40,62Ti,B-
22,40,62Ti,B-N
22,40,62Ti,B-2N
22,19,41Ti,EC+B+
22,19,41Ti,ECP
22,18,40Ti,EC+B+
22,18,40Ti,ECP
22,17,39Ti,EC+B+
22,17,39Ti,ECP
22,17,39Ti,EC2P
22,29,51Ti,B-
22,23,45Ti,EC+B+
22,22,44Ti,EC
22,21,43Ti,EC+B+
22,21,43Ti,ECP
22,20,42Ti,EC+B+
23,41,64V,B-
23,41,64V,B-N
23,41,64V,B-2N
23,42,65V,B-
23,42,65V,B-N
23,42,65V,B-2N
23,43,66V,B-
23,43,66V,B-N
23,43,66V,B-2N
23,44,67V,B-
23,44,67V,B-N
23,44,67V,B-2N
23,40,63V,B-
23,40,63V,B-N
23,27,50V,EC+B+
23,27,50V,B-
23,29,52V,B-
23,20,43V,EC+B+
23,20,43V,ECP
23,21,44V,EC+B+
23,21,44V,ECA
23,21,44V,ECP
23,21,44V,EC+B+
23,22,45V,EC+B+
23,23,46V,EC+B+
23,24,47V,EC+B+
23,25,48V,EC+B+
23,26,49V,EC
23,38,61V,B-
23,38,61V,B-N
23,38,61V,B-2N
23,39,62V,B-
23,39,62V,B-N
23,39,62V,B-2N
23,30,53V,B-
23,31,54V,B-
23,32,55V,B-
23,33,56V,B-
23,33,56V,B-N
23,34,57V,B-
23,34,57V,B-N
23,35,58V,B-
23,35,58V,B-N
23,36,59V,B-
23,36,59V,B-N
23,37,60V,B-
23,37,60V,B-N
23,37,60V,B-2N
23,37,60V,B-
23,37,60V,B-N
23,37,60V,B-2N
23,37,60V,IT
23,19,42V,P
24,39,63Cr,B-
24,39,63Cr,B-N
24,31,55Cr,B-
24,32,56Cr,B-
24,33,57Cr,B-
24,34,58Cr,B-
24,35,59Cr,B-
24,36,60Cr,B-
24,36,60Cr,B-N
24,37,61Cr,B-
24,37,61Cr,B-N
24,38,62Cr,B-
24,38,62Cr,B-N
24,42,66Cr,B-
24,42,66Cr,B-N
24,42,66Cr,B-2N
24,43,67Cr,B-
24,43,67Cr,B-N
24,43,67Cr,B-2N
24,44,68Cr,B-
24,44,68Cr,B-N
24,44,68Cr,B-2N
24,45,69Cr,B-
24,45,69Cr,B-N
24,45,69Cr,B-2N
24,46,70Cr,B-
24,46,70Cr,B-N
24,46,70Cr,B-2N
24,40,64Cr,B-
24,40,64Cr,B-N
24,41,65Cr,B-
24,41,65Cr,B-N
24,41,65Cr,B-2N
24,18,42Cr,EC+B+
24,18,42Cr,ECP
24,18,42Cr,2P
24,19,43Cr,EC+B+
24,19,43Cr,ECP
24,19,43Cr,EC2P
24,19,43Cr,EC3P
24,20,44Cr,EC+B+
24,20,44Cr,ECP
24,21,45Cr,EC+B+
24,21,45Cr,ECP
24,22,46Cr,EC+B+
24,23,47Cr,EC+B+
24,24,48Cr,EC+B+
24,25,49Cr,EC+B+
24,27,51Cr,EC
25,44,69Mn,B-
25,44,69Mn,B-N
25,44,69Mn,B-2N
25,43,68Mn,B-
25,43,68Mn,B-N
25,43,68Mn,B-2N
25,46,71Mn,B-
25,46,71Mn,B-N
25,46,71Mn,B-2N
25,45,70Mn,B-
25,45,70Mn,B-N
25,45,70Mn,B-2N
25,48,73Mn,B-
25,48,73Mn,B-N
25,48,73Mn,B-2N
25,47,72Mn,B-
25,47,72Mn,B-N
25,47,72Mn,B-2N
25,40,65Mn,B-
25,40,65Mn,B-N
25,42,67Mn,B-
25,42,67Mn,B-N
25,42,67Mn,B-2N
25,41,66Mn,B-
25,41,66Mn,B-N
25,41,66Mn,B-2N
25,29,54Mn,EC+B+
25,29,54Mn,B-
25,22,47Mn,EC+B+
25,22,47Mn,ECP
25,21,46Mn,EC+B+
25,21,46Mn,ECP
25,24,49Mn,EC+B+
25,23,48Mn,EC+B+
25,23,48Mn,ECP
25,23,48Mn,ECA
25,26,51Mn,EC+B+
25,25,50Mn,EC+B+
25,25,50Mn,EC+B+
25,28,53Mn,EC
25,27,52Mn,EC+B+
25,27,52Mn,EC+B+
25,27,52Mn,IT
25,33,58Mn,B-
25,33,58Mn,B-
25,33,58Mn,IT
25,32,57Mn,B-
25,35,60Mn,B-
25,35,60Mn,B-
25,35,60Mn,IT
25,34,59Mn,B-
25,37,62Mn,B-
25,37,62Mn,B-N
25,37,62Mn,B-
25,37,62Mn,B-N
25,37,62Mn,IT
25,36,61Mn,B-
25,36,61Mn,B-N
25,39,64Mn,B-
25,39,64Mn,B-N
25,38,63Mn,B-
25,38,63Mn,B-N
25,31,56Mn,B-
25,19,44Mn,P
26,34,60Fe,B-
26,33,59Fe,B-
26,36,62Fe,B-
26,35,61Fe,B-
26,38,64Fe,B-
26,37,63Fe,B-
26,39,65Fe,B-
26,39,65Fe,B-N
26,39,65Fe,B-
26,39,65Fe,B-N
26,45,71Fe,B-
26,45,71Fe,B-N
26,45,71Fe,B-2N
26,44,70Fe,B-
26,44,70Fe,B-N
26,47,73Fe,B-
26,47,73Fe,B-N
26,47,73Fe,B-2N
26,46,72Fe,B-
26,46,72Fe,B-N
26,46,72Fe,B-2N
26,49,75Fe,B-
26,49,75Fe,B-N
26,49,75Fe,B-2N
26,48,74Fe,B-
26,48,74Fe,B-N
26,48,74Fe,B-2N
26,41,67Fe,B-
26,41,67Fe,B-N
26,40,66Fe,B-
26,40,66Fe,B-N
26,43,69Fe,B-
26,43,69Fe,B-N
26,42,68Fe,B-
26,42,68Fe,B-N
26,19,45Fe,2P
26,19,45Fe,EC+B+
26,19,45Fe,ECP
26,19,45Fe,EC2P
26,19,45Fe,EC3P
26,23,49Fe,EC+B+
26,23,49Fe,ECP
26,22,48Fe,EC+B+
26,22,48Fe,ECP
26,25,51Fe,EC+B+
26,24,50Fe,EC+B+
26,24,50Fe,ECP
26,27,53Fe,EC+B+
26,27,53Fe,IT
26,26,52Fe,EC+B+
26,26,52Fe,EC+B+
26,26,52Fe,IT
26,29,55Fe,EC
26,21,47Fe,EC+B+
26,21,47Fe,ECP
26,20,46Fe,EC+B+
26,20,46Fe,ECP
26,20,46Fe,EC2P
26,50,76Fe,B-
26,50,76Fe,B-N
26,50,76Fe,B-2N
27,47,74Co,B-
27,47,74Co,B-N
27,47,74Co,B-2N
27,48,75Co,B-
27,48,75Co,B-N
27,48,75Co,B-2N
27,45,72Co,B-
27,45,72Co,B-N
27,45,72Co,B-2N
27,45,72Co,B-
27,45,72Co,B-N
27,45,72Co,B-2N
27,45,72Co,B-
27,45,72Co,B-N
27,46,73Co,B-
27,46,73Co,B-N
27,46,73Co,B-2N
27,49,76Co,B-
27,49,76Co,B-N
27,49,76Co,B-2N
27,49,76Co,B-
27,49,76Co,B-N
27,49,76Co,B-2N
27,40,67Co,B-
27,40,67Co,B-N
27,40,67Co,IT
27,40,67Co,B-
27,40,67Co,B-N
27,43,70Co,B-
27,43,70Co,B-N
27,43,70Co,B-2N
27,43,70Co,B-
27,43,70Co,B-N
27,43,70Co,B-2N
27,44,71Co,B-
27,44,71Co,B-N
27,41,68Co,B-
27,41,68Co,B-N
27,41,68Co,B-
27,41,68Co,B-N
27,42,69Co,B-
27,42,69Co,B-N
27,42,69Co,B-
27,42,69Co,B-N
27,50,77Co,B-
27,50,77Co,B-N
27,50,77Co,B-2N
27,51,78Co,B-
27,51,78Co,B-N
27,51,78Co,B-2N
27,25,52Co,EC+B+
27,25,52Co,ECP
27,25,52Co,EC+B+
27,26,53Co,EC+B+
27,26,53Co,EC+B+
27,26,53Co,P
27,23,50Co,EC+B+
27,23,50Co,ECP
27,24,51Co,EC+B+
27,24,51Co,ECP
27,29,56Co,EC+B+
27,27,54Co,EC+B+
27,27,54Co,EC+B+
27,28,55Co,EC+B+
27,36,63Co,B-
27,37,64Co,B-
27,37,64Co,B-
27,37,64Co,IT
27,34,61Co,B-
27,35,62Co,B-
27,35,62Co,B-
27,35,62Co,IT
27,38,65Co,B-
27,39,66Co,B-
27,39,66Co,B-N
27,33,60Co,B-
27,33,60Co,IT
27,33,60Co,B-
27,30,57Co,EC
27,31,58Co,EC+B+
27,31,58Co,IT
27,31,58Co,EC
28,51,79Ni,B-
28,51,79Ni,B-N
28,51,79Ni,B-2N
28,52,80Ni,B-
28,52,80Ni,B-N
28,52,80Ni,B-2N
28,50,78Ni,B-
28,50,78Ni,B-N
28,53,81Ni,B-
28,53,81Ni,B-N
28,53,81Ni,B-2N
28,54,82Ni,B-
28,54,82Ni,B-N
28,54,82Ni,B-2N
28,37,65Ni,B-
28,38,66Ni,B-
28,35,63Ni,B-
28,39,67Ni,B-
28,31,59Ni,EC+B+
28,48,76Ni,B-
28,48,76Ni,B-N
28,49,77Ni,B-
28,49,77Ni,B-N
28,49,77Ni,B-2N
28,46,74Ni,B-
28,46,74Ni,B-N
28,47,75Ni,B-
28,47,75Ni,B-N
28,40,68Ni,B-
28,41,69Ni,B-
28,41,69Ni,B-
28,41,69Ni,IT
28,44,72Ni,B-
28,44,72Ni,B-N
28,45,73Ni,B-
28,45,73Ni,B-N
28,42,70Ni,B-
28,43,71Ni,B-
28,43,71Ni,B-
28,26,54Ni,EC+B+
28,26,54Ni,ECP
28,27,55Ni,EC+B+
28,24,52Ni,EC+B+
28,24,52Ni,ECP
28,25,53Ni,EC+B+
28,25,53Ni,ECP
28,28,56Ni,EC+B+
28,29,57Ni,EC+B+
28,22,50Ni,EC+B+
28,22,50Ni,ECP
28,22,50Ni,EC2P
28,23,51Ni,EC+B+
28,23,51Ni,ECP
28,23,51Ni,EC2P
28,20,48Ni,2P
28,20,48Ni,ECP
28,21,49Ni,EC+B+
28,21,49Ni,ECP
29,28,57Cu,EC+B+
29,27,56Cu,EC+B+
29,27,56Cu,ECP
29,26,55Cu,EC+B+
29,26,55Cu,ECP
29,25,54Cu,P
29,29,58Cu,EC+B+
29,24,53Cu,P
29,39,68Cu,B-
29,39,68Cu,B-
29,39,68Cu,IT
29,38,67Cu,B-
29,37,66Cu,B-
29,31,60Cu,EC+B+
29,30,59Cu,EC+B+
29,35,64Cu,B-
29,35,64Cu,EC+B+
29,33,62Cu,EC+B+
29,32,61Cu,EC+B+
29,49,78Cu,B-
29,49,78Cu,B-N
29,49,78Cu,B-2N
29,48,77Cu,B-
29,48,77Cu,B-N
29,47,76Cu,B-
29,47,76Cu,B-N
29,42,71Cu,B-
29,41,70Cu,B-
29,41,70Cu,B-
29,41,70Cu,IT
29,41,70Cu,B-
29,41,70Cu,IT
29,40,69Cu,B-
29,46,75Cu,B-
29,46,75Cu,B-N
29,45,74Cu,B-
29,45,74Cu,B-N
29,44,73Cu,B-
29,44,73Cu,B-N
29,43,72Cu,B-
29,53,82Cu,B-
29,53,82Cu,B-N
29,53,82Cu,B-2N
29,52,81Cu,B-
29,52,81Cu,B-N
29,52,81Cu,B-2N
29,51,80Cu,B-
29,51,80Cu,B-N
29,51,80Cu,B-2N
29,50,79Cu,B-
29,50,79Cu,B-N
29,50,79Cu,B-2N
29,54,83Cu,B-
29,54,83Cu,B-N
29,54,83Cu,B-2N
30,28,58Zn,EC+B+
30,28,58Zn,ECP
30,27,57Zn,EC+B+
30,27,57Zn,ECP
30,29,59Zn,EC+B+
30,29,59Zn,ECP
30,24,54Zn,2P
30,24,54Zn,EC+B+
30,26,56Zn,EC+B+
30,26,56Zn,ECP
30,25,55Zn,EC+B+
30,25,55Zn,ECP
30,53,83Zn,B-
30,53,83Zn,B-N
30,53,83Zn,B-2N
30,52,82Zn,B-
30,52,82Zn,B-N
30,52,82Zn,B-2N
30,55,85Zn,B-
30,55,85Zn,B-N
30,55,85Zn,B-2N
30,54,84Zn,B-
30,54,84Zn,B-N
30,54,84Zn,B-2N
30,51,81Zn,B-
30,51,81Zn,B-N
30,51,81Zn,B-2N
30,50,80Zn,B-
30,50,80Zn,B-N
30,42,72Zn,B-
30,41,71Zn,B-
30,41,71Zn,B-
30,41,71Zn,IT
30,44,74Zn,B-
30,43,73Zn,B-
30,49,79Zn,B-
30,49,79Zn,B-N
30,49,79Zn,B-
30,49,79Zn,IT
30,46,76Zn,B-
30,45,75Zn,B-
30,48,78Zn,B-
30,48,78Zn,B-N
30,47,77Zn,B-
30,47,77Zn,B-
30,47,77Zn,IT
30,31,61Zn,EC+B+
30,30,60Zn,EC+B+
30,33,63Zn,EC+B+
30,32,62Zn,EC+B+
30,39,69Zn,B-
30,39,69Zn,IT
30,39,69Zn,B-
30,35,65Zn,EC+B+
31,54,85Ga,B-
31,54,85Ga,B-N
31,54,85Ga,B-2N
31,53,84Ga,B-
31,53,84Ga,B-N
31,53,84Ga,B-2N
31,56,87Ga,B-
31,56,87Ga,B-N
31,56,87Ga,B-2N
31,55,86Ga,B-
31,55,86Ga,B-N
31,55,86Ga,B-2N
31,50,81Ga,B-
31,50,81Ga,B-N
31,52,83Ga,B-
31,52,83Ga,B-N
31,52,83Ga,B-2N
31,51,82Ga,B-
31,51,82Ga,B-N
31,51,82Ga,B-2N
31,43,74Ga,B-
31,43,74Ga,IT
31,43,74Ga,B-
31,42,73Ga,B-
31,45,76Ga,B-
31,44,75Ga,B-
31,41,72Ga,B-
31,47,78Ga,B-
31,46,77Ga,B-
31,49,80Ga,B-
31,49,80Ga,B-N
31,49,80Ga,B-
31,49,80Ga,B-N
31,48,79Ga,B-
31,48,79Ga,B-N
31,32,63Ga,EC+B+
31,31,62Ga,EC+B+
31,34,65Ga,EC+B+
31,33,64Ga,EC+B+
31,30,61Ga,EC+B+
31,30,61Ga,ECP
31,39,70Ga,B-
31,39,70Ga,EC
31,36,67Ga,EC
31,35,66Ga,EC+B+
31,37,68Ga,EC+B+
31,29,60Ga,EC+B+
31,29,60Ga,ECP
31,29,60Ga,ECA
31,28,59Ga,P
32,45,77Ge,B-
32,45,77Ge,B-
32,45,77Ge,IT
32,46,78Ge,B-
32,43,75Ge,B-
32,43,75Ge,IT
32,43,75Ge,B-
32,44,76Ge,2B-
32,41,73Ge,IT
32,49,81Ge,B-
32,49,81Ge,B-
32,47,79Ge,B-
32,47,79Ge,B-
32,47,79Ge,IT
32,48,80Ge,B-
32,34,66Ge,EC+B+
32,35,67Ge,EC+B+
32,32,64Ge,EC+B+
32,32,64Ge,ECP
32,33,65Ge,EC+B+
32,33,65Ge,ECP
32,30,62Ge,EC+B+
32,30,62Ge,ECP
32,31,63Ge,EC+B+
32,31,63Ge,ECP
32,39,71Ge,EC
32,36,68Ge,EC
32,37,69Ge,EC+B+
32,29,61Ge,EC+B+
32,29,61Ge,ECP
32,27,59Ge,EC+B+
32,27,59Ge,ECP
32,27,59Ge,2P
32,28,60Ge,EC+B+
32,28,60Ge,ECP
32,28,60Ge,EC2P
32,56,88Ge,B-
32,56,88Ge,B-N
32,56,88Ge,B-2N
32,57,89Ge,B-
32,57,89Ge,B-N
32,57,89Ge,B-2N
32,54,86Ge,B-
32,54,86Ge,B-N
32,55,87Ge,B-
32,55,87Ge,B-N
32,55,87Ge,B-2N
32,52,84Ge,B-
32,52,84Ge,B-N
32,53,85Ge,B-
32,53,85Ge,B-N
32,53,85Ge,B-2N
32,50,82Ge,B-
32,51,83Ge,B-
32,51,83Ge,B-N
32,58,90Ge,B-
32,58,90Ge,B-N
32,58,90Ge,B-2N
33,50,83As,B-
33,57,90As,B-
33,57,90As,B-N
33,57,90As,B-2N
33,58,91As,B-
33,58,91As,B-N
33,58,91As,B-2N
33,55,88As,B-
33,55,88As,B-N
33,55,88As,B-2N
33,56,89As,B-
33,56,89As,B-N
33,56,89As,B-2N
33,53,86As,B-
33,53,86As,B-N
33,53,86As,B-2N
33,54,87As,B-
33,54,87As,B-N
33,54,87As,B-2N
33,51,84As,B-
33,51,84As,B-N
33,52,85As,B-
33,52,85As,B-N
33,59,92As,B-
33,59,92As,B-N
33,59,92As,B-2N
33,46,79As,B-
33,47,80As,B-
33,44,77As,B-
33,45,78As,B-
33,43,76As,B-
33,40,73As,EC
33,41,74As,B-
33,41,74As,EC+B+
33,48,81As,B-
33,49,82As,B-
33,49,82As,B-
33,35,68As,EC+B+
33,36,69As,EC+B+
33,33,66As,EC+B+
33,33,66As,ECP
33,34,67As,EC+B+
33,31,64As,EC+B+
33,31,64As,ECP
33,32,65As,EC+B+
33,32,65As,ECP
33,30,63As,P
33,39,72As,EC+B+
33,37,70As,EC+B+
33,38,71As,EC+B+
34,61,95Se,B-
34,61,95Se,B-N
34,61,95Se,B-2N
34,60,94Se,B-
34,60,94Se,B-N
34,60,94Se,B-2N
34,50,84Se,B-
34,51,85Se,B-
34,58,92Se,B-
34,58,92Se,B-N
34,58,92Se,B-2N
34,59,93Se,B-
34,59,93Se,B-N
34,59,93Se,B-2N
34,56,90Se,B-
34,56,90Se,B-N
34,57,91Se,B-
34,57,91Se,B-N
34,57,91Se,B-2N
34,54,88Se,B-
34,54,88Se,B-N
34,55,89Se,B-
34,55,89Se,B-N
34,52,86Se,B-
34,53,87Se,B-
34,53,87Se,B-N
34,47,81Se,B-
34,47,81Se,IT
34,47,81Se,B-
34,48,82Se,2B-
34,45,79Se,B-
34,45,79Se,IT
34,45,79Se,B-
34,43,77Se,IT
34,41,75Se,EC
34,49,83Se,B-
34,49,83Se,B-
34,36,70Se,EC+B+
34,37,71Se,EC+B+
34,34,68Se,EC+B+
34,35,69Se,EC+B+
34,35,69Se,ECP
34,32,66Se,EC+B+
34,32,66Se,ECP
34,33,67Se,EC+B+
34,33,67Se,ECP
34,30,64Se,EC+B+
34,30,64Se,ECP
34,31,65Se,EC+B+
34,31,65Se,ECP
34,38,72Se,EC
34,39,73Se,EC+B+
34,39,73Se,EC+B+
34,39,73Se,IT
34,29,63Se,EC+B+
34,29,63Se,ECP
34,29,63Se,2P
35,63,98Br,B-
35,63,98Br,B-N
35,63,98Br,B-2N
35,62,97Br,B-
35,62,97Br,B-N
35,62,97Br,B-2N
35,61,96Br,B-
35,61,96Br,B-N
35,61,96Br,B-2N
35,60,95Br,B-
35,60,95Br,B-N
35,60,95Br,B-2N
35,52,87Br,B-
35,52,87Br,B-N
35,51,86Br,B-
35,50,85Br,B-
35,59,94Br,B-
35,59,94Br,B-N
35,59,94Br,B-2N
35,58,93Br,B-
35,58,93Br,B-N
35,58,93Br,B-2N
35,57,92Br,B-
35,57,92Br,B-N
35,57,92Br,B-2N
35,56,91Br,B-
35,56,91Br,B-N
35,55,90Br,B-
35,55,90Br,B-N
35,54,89Br,B-
35,54,89Br,B-N
35,53,88Br,B-
35,53,88Br,B-N
35,41,76Br,EC+B+
35,41,76Br,IT
35,41,76Br,EC+B+
35,40,75Br,EC+B+
35,49,84Br,B-
35,49,84Br,B-
35,48,83Br,B-
35,47,82Br,B-
35,47,82Br,IT
35,47,82Br,B-
35,45,80Br,B-
35,45,80Br,EC+B+
35,45,80Br,IT
35,44,79Br,IT
35,43,78Br,EC+B+
35,43,78Br,B-
35,42,77Br,EC+B+
35,42,77Br,IT
35,38,73Br,EC+B+
35,37,72Br,EC+B+
35,37,72Br,IT
35,37,72Br,EC+B+
35,36,71Br,EC+B+
35,35,70Br,EC+B+
35,35,70Br,ECP
35,35,70Br,EC+B+
35,35,70Br,ECP
35,34,69Br,P
35,33,68Br,P
35,39,74Br,EC+B+
35,39,74Br,EC+B+
36,64,100Kr,B-
36,64,100Kr,B-N
36,64,100Kr,B-2N
36,63,99Kr,B-
36,63,99Kr,B-N
36,63,99Kr,B-2N
36,62,98Kr,B-
36,62,98Kr,B-N
36,62,98Kr,B-2N
36,61,97Kr,B-
36,61,97Kr,B-N
36,61,97Kr,B-2N
36,60,96Kr,B-
36,60,96Kr,B-N
36,65,101Kr,B-
36,65,101Kr,B-N
36,65,101Kr,B-2N
36,53,89Kr,B-
36,52,88Kr,B-
36,51,87Kr,B-
36,59,95Kr,B-
36,59,95Kr,B-N
36,59,95Kr,B-2N
36,58,94Kr,B-
36,58,94Kr,B-N
36,57,93Kr,B-
36,57,93Kr,B-N
36,56,92Kr,B-
36,56,92Kr,B-N
36,55,91Kr,B-
36,55,91Kr,B-N
36,54,90Kr,B-
36,41,77Kr,EC+B+
36,40,76Kr,EC+B+
36,49,85Kr,B-
36,49,85Kr,B-
36,49,85Kr,IT
36,47,83Kr,IT
36,45,81Kr,EC
36,45,81Kr,IT
36,45,81Kr,EC
36,43,79Kr,EC+B+
36,43,79Kr,IT
36,31,67Kr,2P
36,31,67Kr,EC+B+
36,39,75Kr,EC+B+
36,38,74Kr,EC+B+
36,37,73Kr,EC+B+
36,37,73Kr,ECP
36,36,72Kr,EC+B+
36,35,71Kr,EC+B+
36,35,71Kr,ECP
36,34,70Kr,EC+B+
36,34,70Kr,ECP
36,33,69Kr,EC+B+
36,33,69Kr,ECP
36,32,68Kr,EC+B+
36,32,68Kr,ECP
37,55,92Rb,B-
37,55,92Rb,B-N
37,56,93Rb,B-
37,56,93Rb,B-N
37,57,94Rb,B-
37,57,94Rb,B-N
37,58,95Rb,B-
37,58,95Rb,B-N
37,59,96Rb,B-
37,59,96Rb,B-N
37,59,96Rb,B-2N
37,50,87Rb,B-
37,51,88Rb,B-
37,52,89Rb,B-
37,53,90Rb,B-
37,53,90Rb,B-
37,53,90Rb,IT
37,54,91Rb,B-
37,54,91Rb,B-N
37,44,81Rb,EC+B+
37,44,81Rb,IT
37,44,81Rb,EC+B+
37,45,82Rb,EC+B+
37,45,82Rb,EC+B+
37,45,82Rb,IT
37,46,83Rb,EC
37,47,84Rb,EC+B+
37,47,84Rb,B-
37,47,84Rb,IT
37,49,86Rb,B-
37,49,86Rb,EC
37,49,86Rb,IT
37,49,86Rb,B-
37,40,77Rb,EC+B+
37,41,78Rb,EC+B+
37,41,78Rb,EC+B+
37,41,78Rb,IT
37,42,79Rb,EC+B+
37,43,80Rb,EC+B+
37,35,72Rb,P
37,36,73Rb,P
37,36,73Rb,EC+B+
37,37,74Rb,EC+B+
37,37,74Rb,ECP
37,38,75Rb,EC+B+
37,39,76Rb,EC+B+
37,39,76Rb,ECA
37,66,103Rb,B-
37,66,103Rb,B-N
37,66,103Rb,B-2N
37,67,104Rb,B-
37,67,104Rb,B-N
37,67,104Rb,B-2N
37,60,97Rb,B-
37,60,97Rb,B-N
37,60,97Rb,B-2N
37,61,98Rb,B-
37,61,98Rb,B-N
37,61,98Rb,B-2N
37,61,98Rb,B-
37,61,98Rb,B-N
37,61,98Rb,IT
37,62,99Rb,B-
37,62,99Rb,B-N
37,62,99Rb,B-2N
37,63,100Rb,B-
37,63,100Rb,B-N
37,63,100Rb,B-2N
37,64,101Rb,B-
37,64,101Rb,B-N
37,64,101Rb,B-2N
37,65,102Rb,B-
37,65,102Rb,B-N
37,65,102Rb,B-2N
38,67,105Sr,B-
38,67,105Sr,B-N
38,67,105Sr,B-2N
38,68,106Sr,B-
38,68,106Sr,B-N
38,68,106Sr,B-2N
38,69,107Sr,B-
38,69,107Sr,B-N
38,69,107Sr,B-2N
38,60,98Sr,B-
38,60,98Sr,B-N
38,61,99Sr,B-
38,61,99Sr,B-N
38,62,100Sr,B-
38,62,100Sr,B-N
38,63,101Sr,B-
38,63,101Sr,B-N
38,64,102Sr,B-
38,64,102Sr,B-N
38,65,103Sr,B-
38,65,103Sr,B-N
38,65,103Sr,B-2N
38,66,104Sr,B-
38,66,104Sr,B-N
38,66,104Sr,B-2N
38,56,94Sr,B-
38,57,95Sr,B-
38,58,96Sr,B-
38,58,96Sr,B-N
38,59,97Sr,B-
38,59,97Sr,B-N
38,51,89Sr,B-
38,52,90Sr,B-
38,53,91Sr,B-
38,54,92Sr,B-
38,55,93Sr,B-
38,45,83Sr,EC+B+
38,45,83Sr,IT
38,47,85Sr,EC
38,47,85Sr,IT
38,47,85Sr,EC
38,49,87Sr,IT
38,49,87Sr,EC
38,40,78Sr,EC+B+
38,41,79Sr,EC+B+
38,42,80Sr,EC+B+
38,43,81Sr,EC+B+
38,44,82Sr,EC
38,35,73Sr,EC+B+
38,35,73Sr,ECP
38,36,74Sr,EC+B+
38,36,74Sr,ECP
38,37,75Sr,EC+B+
38,37,75Sr,ECP
38,38,76Sr,EC+B+
38,38,76Sr,ECP
38,39,77Sr,EC+B+
38,39,77Sr,ECP
39,69,108Y,B-
39,69,108Y,B-N
39,69,108Y,B-2N
39,68,107Y,B-
39,68,107Y,B-N
39,68,107Y,B-2N
39,61,100Y,B-
39,61,100Y,B-N
39,61,100Y,B-
39,61,100Y,B-N
39,60,99Y,B-
39,60,99Y,B-N
39,63,102Y,B-
39,63,102Y,B-N
39,63,102Y,B-
39,63,102Y,B-N
39,62,101Y,B-
39,62,101Y,B-N
39,65,104Y,B-
39,65,104Y,B-N
39,65,104Y,B-2N
39,64,103Y,B-
39,64,103Y,B-N
39,67,106Y,B-
39,67,106Y,B-N
39,67,106Y,B-2N
39,66,105Y,B-
39,66,105Y,B-N
39,66,105Y,B-2N
39,70,109Y,B-
39,70,109Y,B-N
39,70,109Y,B-2N
39,58,97Y,B-
39,58,97Y,B-N
39,58,97Y,B-
39,58,97Y,B-N
39,58,97Y,IT
39,58,97Y,IT
39,58,97Y,B-
39,57,96Y,B-
39,57,96Y,B-
39,59,98Y,B-
39,59,98Y,B-N
39,59,98Y,B-
39,59,98Y,B-N
39,59,98Y,IT
39,50,89Y,IT
39,52,91Y,B-
39,52,91Y,IT
39,52,91Y,B-
39,51,90Y,B-
39,51,90Y,IT
39,51,90Y,B-
39,54,93Y,B-
39,54,93Y,IT
39,53,92Y,B-
39,56,95Y,B-
39,55,94Y,B-
39,47,86Y,EC+B+
39,47,86Y,IT
39,47,86Y,EC+B+
39,46,85Y,EC+B+
39,46,85Y,EC+B+
39,49,88Y,EC+B+
39,48,87Y,EC+B+
39,48,87Y,IT
39,48,87Y,EC+B+
39,41,80Y,EC+B+
39,41,80Y,ECP
39,41,80Y,IT
39,41,80Y,EC+B+
39,41,80Y,ECP
39,40,79Y,EC+B+
39,40,79Y,ECP
39,43,82Y,EC+B+
39,42,81Y,EC+B+
39,45,84Y,EC+B+
39,45,84Y,EC+B+
39,44,83Y,EC+B+
39,44,83Y,EC+B+
39,44,83Y,IT
39,38,77Y,EC+B+
39,38,77Y,ECP
39,38,77Y,P
39,37,76Y,EC+B+
39,37,76Y,P
39,37,76Y,ECP
39,39,78Y,EC+B+
39,39,78Y,ECP
39,39,78Y,EC+B+
39,39,78Y,ECP
40,69,109Zr,B-
40,69,109Zr,B-N
40,69,109Zr,B-2N
40,68,108Zr,B-
40,68,108Zr,B-N
40,67,107Zr,B-
40,67,107Zr,B-N
40,66,106Zr,B-
40,66,106Zr,B-N
40,61,101Zr,B-
40,60,100Zr,B-
40,65,105Zr,B-
40,65,105Zr,B-N
40,64,104Zr,B-
40,64,104Zr,B-N
40,63,103Zr,B-
40,63,103Zr,B-N
40,62,102Zr,B-
40,58,98Zr,B-
40,57,97Zr,B-
40,56,96Zr,2B-
40,55,95Zr,B-
40,59,99Zr,B-
40,50,90Zr,IT
40,53,93Zr,B-
40,47,87Zr,EC+B+
40,47,87Zr,IT
40,46,86Zr,EC+B+
40,45,85Zr,EC+B+
40,45,85Zr,EC+B+
40,45,85Zr,IT
40,44,84Zr,EC+B+
40,49,89Zr,EC+B+
40,49,89Zr,IT
40,49,89Zr,EC+B+
40,48,88Zr,EC
40,43,83Zr,EC+B+
40,43,83Zr,ECP
40,42,82Zr,EC+B+
40,42,82Zr,ECP
40,41,81Zr,EC+B+
40,41,81Zr,ECP
40,40,80Zr,EC+B+
40,40,80Zr,ECP
40,39,79Zr,EC+B+
40,39,79Zr,ECP
40,38,78Zr,EC+B+
40,38,78Zr,ECP
40,37,77Zr,EC+B+
40,37,77Zr,ECP
40,37,77Zr,P
40,72,112Zr,B-
40,72,112Zr,B-N
40,72,112Zr,B-2N
40,71,111Zr,B-
40,71,111Zr,B-N
40,71,111Zr,B-2N
40,70,110Zr,B-
40,70,110Zr,B-N
40,70,110Zr,B-2N
40,73,113Zr,B-
40,73,113Zr,B-N
40,73,113Zr,B-2N
41,73,114Nb,B-
41,73,114Nb,B-N
41,73,114Nb,B-2N
41,72,113Nb,B-
41,72,113Nb,B-N
41,72,113Nb,B-2N
41,71,112Nb,B-
41,71,112Nb,B-N
41,71,112Nb,B-2N
41,70,111Nb,B-
41,70,111Nb,B-N
41,70,111Nb,B-2N
41,75,116Nb,B-
41,75,116Nb,B-N
41,75,116Nb,B-2N
41,74,115Nb,B-
41,74,115Nb,B-N
41,74,115Nb,B-2N
41,69,110Nb,B-
41,69,110Nb,B-N
41,69,110Nb,B-2N
41,69,110Nb,B-
41,69,110Nb,B-N
41,69,110Nb,B-2N
41,68,109Nb,B-
41,68,109Nb,B-N
41,67,108Nb,B-
41,67,108Nb,B-N
41,67,108Nb,B-2N
41,62,103Nb,B-
41,62,103Nb,B-N
41,61,102Nb,B-
41,61,102Nb,B-
41,60,101Nb,B-
41,66,107Nb,B-
41,66,107Nb,B-N
41,65,106Nb,B-
41,65,106Nb,B-N
41,64,105Nb,B-
41,64,105Nb,B-N
41,63,104Nb,B-
41,63,104Nb,B-N
41,63,104Nb,B-
41,63,104Nb,B-N
41,59,100Nb,B-
41,59,100Nb,B-
41,58,99Nb,B-
41,58,99Nb,B-
41,58,99Nb,IT
41,57,98Nb,B-
41,57,98Nb,B-
41,57,98Nb,IT
41,56,97Nb,B-
41,56,97Nb,IT
41,51,92Nb,EC+B+
41,51,92Nb,EC+B+
41,50,91Nb,EC+B+
41,50,91Nb,IT
41,50,91Nb,EC+B+
41,55,96Nb,B-
41,54,95Nb,B-
41,54,95Nb,IT
41,54,95Nb,B-
41,53,94Nb,B-
41,53,94Nb,IT
41,53,94Nb,B-
41,52,93Nb,IT
41,48,89Nb,EC+B+
41,48,89Nb,EC+B+
41,47,88Nb,EC+B+
41,47,88Nb,EC+B+
41,46,87Nb,EC+B+
41,46,87Nb,EC+B+
41,45,86Nb,EC+B+
41,49,90Nb,EC+B+
41,49,90Nb,IT
41,40,81Nb,EC+B+
41,40,81Nb,ECP
41,40,81Nb,P
41,44,85Nb,EC+B+
41,44,85Nb,EC+B+
41,44,85Nb,IT
41,43,84Nb,EC+B+
41,43,84Nb,ECP
41,42,83Nb,EC+B+
41,42,83Nb,ECP
41,41,82Nb,EC+B+
41,41,82Nb,ECP
42,70,112Mo,B-
42,70,112Mo,B-N
42,75,117Mo,B-
42,75,117Mo,B-N
42,75,117Mo,B-2N
42,76,118Mo,B-
42,76,118Mo,B-N
42,76,118Mo,B-2N
42,77,119Mo,B-
42,77,119Mo,B-N
42,77,119Mo,B-2N
42,71,113Mo,B-
42,71,113Mo,B-N
42,72,114Mo,B-
42,72,114Mo,B-N
42,73,115Mo,B-
42,73,115Mo,B-N
42,73,115Mo,B-2N
42,74,116Mo,B-
42,74,116Mo,B-N
42,74,116Mo,B-2N
42,68,110Mo,B-
42,68,110Mo,B-N
42,69,111Mo,B-
42,69,111Mo,B-N
42,69,111Mo,B-
42,69,111Mo,B-N
42,64,106Mo,B-
42,65,107Mo,B-
42,66,108Mo,B-
42,67,109Mo,B-
42,67,109Mo,B-N
42,60,102Mo,B-
42,61,103Mo,B-
42,62,104Mo,B-
42,63,105Mo,B-
42,57,99Mo,B-
42,58,100Mo,2B-
42,59,101Mo,B-
42,51,93Mo,EC
42,51,93Mo,IT
42,51,93Mo,EC+B+
42,46,88Mo,EC+B+
42,47,89Mo,EC+B+
42,47,89Mo,IT
42,48,90Mo,EC+B+
42,49,91Mo,EC+B+
42,49,91Mo,EC+B+
42,49,91Mo,IT
42,42,84Mo,EC+B+
42,42,84Mo,ECP
42,43,85Mo,EC+B+
42,43,85Mo,ECP
42,44,86Mo,EC+B+
42,45,87Mo,EC+B+
42,45,87Mo,ECP
42,45,87Mo,EC+B+
42,45,87Mo,ECP
42,40,82Mo,EC+B+
42,40,82Mo,ECP
42,41,83Mo,EC+B+
42,41,83Mo,ECP
42,39,81Mo,EC+B+
42,39,81Mo,ECP
43,58,101Tc,B-
43,59,102Tc,B-
43,59,102Tc,B-
43,59,102Tc,IT
43,54,97Tc,EC
43,54,97Tc,IT
43,54,97Tc,EC
43,55,98Tc,B-
43,56,99Tc,B-
43,56,99Tc,IT
43,56,99Tc,B-
43,57,100Tc,B-
43,57,100Tc,EC
43,50,93Tc,EC+B+
43,50,93Tc,IT
43,50,93Tc,EC+B+
43,51,94Tc,EC+B+
43,51,94Tc,EC+B+
43,51,94Tc,IT
43,52,95Tc,EC+B+
43,52,95Tc,EC+B+
43,52,95Tc,IT
43,53,96Tc,EC+B+
43,53,96Tc,IT
43,53,96Tc,EC+B+
43,47,90Tc,EC+B+
43,47,90Tc,EC+B+
43,48,91Tc,EC+B+
43,48,91Tc,EC+B+
43,49,92Tc,EC+B+
43,43,86Tc,EC+B+
43,43,86Tc,ECP
43,44,87Tc,EC+B+
43,44,87Tc,ECP
43,45,88Tc,EC+B+
43,45,88Tc,ECP
43,45,88Tc,EC+B+
43,45,88Tc,ECP
43,46,89Tc,EC+B+
43,46,89Tc,EC+B+
43,42,85Tc,P
43,70,113Tc,B-
43,70,113Tc,B-N
43,71,114Tc,B-
43,71,114Tc,B-N
43,71,114Tc,B-
43,71,114Tc,B-N
43,76,119Tc,B-
43,76,119Tc,B-N
43,76,119Tc,B-2N
43,77,120Tc,B-
43,77,120Tc,B-N
43,77,120Tc,B-2N
43,78,121Tc,B-
43,78,121Tc,B-N
43,78,121Tc,B-2N
43,79,122Tc,B-
43,79,122Tc,B-N
43,79,122Tc,B-2N
43,72,115Tc,B-
43,72,115Tc,B-N
43,73,116Tc,B-
43,73,116Tc,B-N
43,73,116Tc,B-2N
43,74,117Tc,B-
43,74,117Tc,B-N
43,74,117Tc,B-2N
43,75,118Tc,B-
43,75,118Tc,B-N
43,75,118Tc,B-2N
43,69,112Tc,B-
43,69,112Tc,B-N
43,60,103Tc,B-
43,65,108Tc,B-
43,66,109Tc,B-
43,66,109Tc,B-N
43,67,110Tc,B-
43,67,110Tc,B-N
43,68,111Tc,B-
43,68,111Tc,B-N
43,61,104Tc,B-
43,62,105Tc,B-
43,63,106Tc,B-
43,64,107Tc,B-
44,81,125Ru,B-
44,81,125Ru,B-N
44,81,125Ru,B-2N
44,80,124Ru,B-
44,80,124Ru,B-N
44,80,124Ru,B-2N
44,70,114Ru,B-
44,70,114Ru,B-N
44,72,116Ru,B-
44,72,116Ru,B-N
44,71,115Ru,B-
44,71,115Ru,B-N
44,78,122Ru,B-
44,78,122Ru,B-N
44,78,122Ru,B-2N
44,77,121Ru,B-
44,77,121Ru,B-N
44,77,121Ru,B-2N
44,79,123Ru,B-
44,79,123Ru,B-N
44,79,123Ru,B-2N
44,74,118Ru,B-
44,74,118Ru,B-N
44,73,117Ru,B-
44,73,117Ru,B-N
44,76,120Ru,B-
44,76,120Ru,B-N
44,75,119Ru,B-
44,75,119Ru,B-N
44,61,105Ru,B-
44,67,111Ru,B-
44,66,110Ru,B-
44,69,113Ru,B-
44,69,113Ru,B-
44,69,113Ru,IT
44,68,112Ru,B-
44,63,107Ru,B-
44,62,106Ru,B-
44,65,109Ru,B-
44,64,108Ru,B-
44,59,103Ru,B-
44,50,94Ru,EC+B+
44,51,95Ru,EC+B+
44,53,97Ru,EC+B+
44,49,93Ru,EC+B+
44,49,93Ru,EC+B+
44,49,93Ru,IT
44,49,93Ru,ECP
44,48,92Ru,EC+B+
44,45,89Ru,EC+B+
44,45,89Ru,ECP
44,44,88Ru,EC+B+
44,44,88Ru,ECP
44,47,91Ru,EC+B+
44,47,91Ru,ECP
44,47,91Ru,EC+B+
44,47,91Ru,ECP
44,47,91Ru,IT
44,46,90Ru,EC+B+
44,46,90Ru,ECP
44,41,85Ru,P
44,41,85Ru,EC+B+
44,41,85Ru,ECP
44,43,87Ru,EC+B+
44,43,87Ru,ECP
44,42,86Ru,EC+B+
44,42,86Ru,ECP
45,82,127Rh,B-
45,82,127Rh,B-N
45,82,127Rh,B-2N
45,81,126Rh,B-
45,81,126Rh,B-N
45,81,126Rh,B-2N
45,83,128Rh,B-
45,83,128Rh,B-N
45,83,128Rh,B-2N
45,80,125Rh,B-
45,80,125Rh,B-N
45,80,125Rh,B-2N
45,71,116Rh,B-
45,71,116Rh,B-N
45,71,116Rh,B-
45,71,116Rh,B-N
45,70,115Rh,B-
45,70,115Rh,B-N
45,73,118Rh,B-
45,73,118Rh,B-N
45,73,118Rh,B-
45,73,118Rh,B-N
45,72,117Rh,B-
45,72,117Rh,B-N
45,79,124Rh,B-
45,79,124Rh,B-N
45,79,124Rh,B-2N
45,78,123Rh,B-
45,78,123Rh,B-N
45,78,123Rh,B-2N
45,75,120Rh,B-
45,75,120Rh,B-N
45,74,119Rh,B-
45,74,119Rh,B-N
45,77,122Rh,B-
45,77,122Rh,B-N
45,77,122Rh,B-2N
45,76,121Rh,B-
45,76,121Rh,B-N
45,60,105Rh,B-
45,60,105Rh,IT
45,62,107Rh,B-
45,61,106Rh,B-
45,61,106Rh,B-
45,68,113Rh,B-
45,67,112Rh,B-
45,67,112Rh,B-
45,69,114Rh,B-
45,69,114Rh,B-
45,64,109Rh,B-
45,63,108Rh,B-
45,63,108Rh,B-
45,63,108Rh,IT
45,66,111Rh,B-
45,65,110Rh,B-
45,65,110Rh,B-
45,51,96Rh,EC+B+
45,51,96Rh,EC+B+
45,51,96Rh,IT
45,50,95Rh,EC+B+
45,50,95Rh,IT
45,50,95Rh,EC+B+
45,57,102Rh,EC+B+
45,57,102Rh,B-
45,57,102Rh,EC+B+
45,57,102Rh,IT
45,56,101Rh,EC
45,56,101Rh,EC
45,56,101Rh,IT
45,59,104Rh,B-
45,59,104Rh,EC+B+
45,59,104Rh,IT
45,59,104Rh,B-
45,58,103Rh,IT
45,53,98Rh,EC+B+
45,53,98Rh,IT
45,53,98Rh,EC+B+
45,52,97Rh,EC+B+
45,52,97Rh,EC+B+
45,52,97Rh,IT
45,55,100Rh,EC+B+
45,55,100Rh,IT
45,55,100Rh,EC+B+
45,54,99Rh,EC+B+
45,54,99Rh,EC+B+
45,54,99Rh,IT
45,49,94Rh,EC+B+
45,49,94Rh,ECP
45,49,94Rh,EC+B+
45,46,91Rh,EC+B+
45,46,91Rh,ECP
45,46,91Rh,EC+B+
45,46,91Rh,IT
45,46,91Rh,ECP
45,45,90Rh,EC+B+
45,45,90Rh,ECP
45,45,90Rh,EC+B+
45,45,90Rh,ECP
45,48,93Rh,EC+B+
45,48,93Rh,EC+B+
45,47,92Rh,EC+B+
45,47,92Rh,ECP
45,47,92Rh,EC+B+
45,47,92Rh,ECP
45,44,89Rh,EC+B+
45,44,89Rh,ECP
45,44,89Rh,P
46,83,129Pd,B-
46,83,129Pd,B-N
46,83,129Pd,B-2N
46,82,128Pd,B-
46,82,128Pd,B-N
46,85,131Pd,B-
46,85,131Pd,B-N
46,85,131Pd,B-2N
46,84,130Pd,B-
46,84,130Pd,B-N
46,84,130Pd,B-2N
46,81,127Pd,B-
46,81,127Pd,B-N
46,81,127Pd,B-2N
46,80,126Pd,B-
46,80,126Pd,B-N
46,80,126Pd,B-
46,80,126Pd,IT
46,72,118Pd,B-
46,71,117Pd,B-
46,74,120Pd,B-
46,74,120Pd,B-N
46,73,119Pd,B-
46,73,119Pd,B-N
46,73,119Pd,B-
46,73,119Pd,IT
46,70,116Pd,B-
46,79,125Pd,B-
46,79,125Pd,B-N
46,76,122Pd,B-
46,76,122Pd,B-N
46,75,121Pd,B-
46,75,121Pd,B-N
46,78,124Pd,B-
46,78,124Pd,B-N
46,77,123Pd,B-
46,77,123Pd,B-N
46,77,123Pd,B-
46,77,123Pd,IT
46,61,107Pd,B-
46,61,107Pd,IT
46,63,109Pd,B-
46,63,109Pd,IT
46,69,115Pd,B-
46,69,115Pd,B-
46,69,115Pd,IT
46,68,114Pd,B-
46,65,111Pd,B-
46,65,111Pd,IT
46,65,111Pd,B-
46,67,113Pd,B-
46,67,113Pd,IT
46,66,112Pd,B-
46,50,96Pd,EC+B+
46,52,98Pd,EC+B+
46,51,97Pd,EC+B+
46,57,103Pd,EC
46,54,100Pd,EC
46,53,99Pd,EC+B+
46,55,101Pd,EC+B+
46,47,93Pd,EC+B+
46,47,93Pd,ECP
46,46,92Pd,EC+B+
46,46,92Pd,ECP
46,49,95Pd,EC+B+
46,49,95Pd,ECP
46,49,95Pd,EC+B+
46,49,95Pd,IT
46,49,95Pd,ECP
46,49,95Pd,EC+B+
46,48,94Pd,EC+B+
46,48,94Pd,ECP
46,45,91Pd,EC+B+
46,45,91Pd,ECP
46,44,90Pd,EC+B+
46,44,90Pd,ECP
46,44,90Pd,2P
47,85,132Ag,B-
47,85,132Ag,B-N
47,85,132Ag,B-2N
47,83,130Ag,B-
47,83,130Ag,B-N
47,83,130Ag,B-2N
47,84,131Ag,B-
47,84,131Ag,B-N
47,84,131Ag,B-2N
47,81,128Ag,B-
47,81,128Ag,B-N
47,81,128Ag,B-2N
47,82,129Ag,B-
47,82,129Ag,B-N
47,82,129Ag,B-
47,82,129Ag,B-N
47,80,127Ag,B-
47,80,127Ag,B-N
47,80,127Ag,B-
47,80,127Ag,IT
47,74,121Ag,B-
47,74,121Ag,B-N
47,75,122Ag,B-
47,75,122Ag,B-N
47,75,122Ag,B-
47,75,122Ag,B-N
47,72,119Ag,B-
47,72,119Ag,B-
47,73,120Ag,B-
47,73,120Ag,B-N
47,73,120Ag,IT
47,73,120Ag,B-
47,73,120Ag,B-
47,73,120Ag,IT
47,70,117Ag,B-
47,70,117Ag,B-
47,70,117Ag,IT
47,71,118Ag,B-
47,71,118Ag,B-
47,71,118Ag,IT
47,78,125Ag,B-
47,78,125Ag,B-N
47,78,125Ag,B-
47,78,125Ag,B-N
47,79,126Ag,B-
47,79,126Ag,B-N
47,79,126Ag,B-
47,79,126Ag,B-N
47,76,123Ag,B-
47,76,123Ag,B-N
47,77,124Ag,B-
47,77,124Ag,B-N
47,77,124Ag,B-
47,77,124Ag,B-N
47,63,110Ag,B-
47,63,110Ag,EC
47,63,110Ag,B-
47,63,110Ag,IT
47,64,111Ag,B-
47,64,111Ag,IT
47,64,111Ag,B-
47,61,108Ag,B-
47,61,108Ag,EC+B+
47,61,108Ag,EC+B+
47,61,108Ag,IT
47,62,109Ag,IT
47,60,107Ag,IT
47,69,116Ag,B-
47,69,116Ag,B-
47,69,116Ag,IT
47,69,116Ag,B-
47,69,116Ag,IT
47,67,114Ag,B-
47,68,115Ag,B-
47,68,115Ag,B-
47,68,115Ag,IT
47,65,112Ag,B-
47,66,113Ag,B-
47,66,113Ag,B-
47,66,113Ag,IT
47,52,99Ag,EC+B+
47,52,99Ag,IT
47,53,100Ag,EC+B+
47,53,100Ag,EC+B+
47,53,100Ag,IT
47,50,97Ag,EC+B+
47,51,98Ag,EC+B+
47,51,98Ag,ECP
47,58,105Ag,EC+B+
47,58,105Ag,IT
47,58,105Ag,EC+B+
47,59,106Ag,EC+B+
47,59,106Ag,B-
47,59,106Ag,EC+B+
47,56,103Ag,EC+B+
47,56,103Ag,IT
47,57,104Ag,EC+B+
47,57,104Ag,EC+B+
47,57,104Ag,IT
47,54,101Ag,EC+B+
47,54,101Ag,IT
47,55,102Ag,EC+B+
47,55,102Ag,EC+B+
47,55,102Ag,IT
47,49,96Ag,EC+B+
47,49,96Ag,ECP
47,49,96Ag,EC+B+
47,49,96Ag,ECP
47,47,94Ag,EC+B+
47,47,94Ag,ECP
47,47,94Ag,EC+B+
47,47,94Ag,ECP
47,47,94Ag,EC+B+
47,47,94Ag,ECP
47,47,94Ag,P
47,48,95Ag,EC+B+
47,48,95Ag,ECP
47,45,92Ag,EC+B+
47,45,92Ag,ECP
47,45,92Ag,P
47,46,93Ag,EC+B+
47,46,93Ag,ECP
47,46,93Ag,P
48,65,113Cd,B-
48,65,113Cd,B-
48,65,113Cd,IT
48,63,111Cd,IT
48,61,109Cd,EC
48,68,116Cd,2B-
48,69,117Cd,B-
48,69,117Cd,B-
48,67,115Cd,B-
48,67,115Cd,B-
48,53,101Cd,EC+B+
48,54,102Cd,EC+B+
48,51,99Cd,EC+B+
48,51,99Cd,ECP
48,52,100Cd,EC+B+
48,50,98Cd,EC+B+
48,50,98Cd,ECP
48,59,107Cd,EC+B+
48,57,105Cd,EC+B+
48,55,103Cd,EC+B+
48,56,104Cd,EC+B+
48,48,96Cd,EC+B+
48,48,96Cd,ECP
48,48,96Cd,EC+B+
48,48,96Cd,ECP
48,49,97Cd,EC+B+
48,49,97Cd,ECP
48,49,97Cd,EC+B+
48,49,97Cd,ECP
48,49,97Cd,EC+B+
48,49,97Cd,ECP
48,49,97Cd,IT
48,46,94Cd,EC+B+
48,46,94Cd,ECP
48,47,95Cd,EC+B+
48,47,95Cd,ECP
48,86,134Cd,B-
48,86,134Cd,B-N
48,86,134Cd,B-2N
48,84,132Cd,B-
48,84,132Cd,B-N
48,84,132Cd,B-2N
48,85,133Cd,B-
48,85,133Cd,B-N
48,85,133Cd,B-2N
48,82,130Cd,B-
48,82,130Cd,B-N
48,83,131Cd,B-
48,83,131Cd,B-N
48,83,131Cd,B-2N
48,80,128Cd,B-
48,80,128Cd,B-N
48,81,129Cd,B-
48,81,129Cd,B-N
48,81,129Cd,B-
48,81,129Cd,B-N
48,75,123Cd,B-
48,75,123Cd,B-
48,76,124Cd,B-
48,73,121Cd,B-
48,73,121Cd,B-
48,74,122Cd,B-
48,71,119Cd,B-
48,71,119Cd,B-
48,72,120Cd,B-
48,70,118Cd,B-
48,79,127Cd,B-
48,79,127Cd,B-N
48,79,127Cd,B-
48,79,127Cd,B-N
48,77,125Cd,B-
48,77,125Cd,B-
48,78,126Cd,B-
49,88,137In,B-
49,88,137In,B-N
49,88,137In,B-2N
49,87,136In,B-
49,87,136In,B-N
49,87,136In,B-2N
49,86,135In,B-
49,86,135In,B-N
49,86,135In,B-2N
49,85,134In,B-
49,85,134In,B-N
49,85,134In,B-2N
49,84,133In,B-
49,84,133In,B-N
49,84,133In,B-2N
49,84,133In,B-
49,84,133In,B-N
49,84,133In,B-2N
49,83,132In,B-
49,83,132In,B-N
49,83,132In,B-2N
49,82,131In,B-
49,82,131In,B-N
49,82,131In,B-
49,82,131In,B-N
49,82,131In,B-
49,82,131In,B-N
49,81,130In,B-
49,81,130In,B-N
49,81,130In,B-
49,81,130In,B-N
49,81,130In,B-
49,81,130In,B-N
49,80,129In,B-
49,80,129In,B-N
49,80,129In,B-
49,80,129In,B-N
49,80,129In,IT
49,80,129In,B-
49,80,129In,IT
49,80,129In,IT
49,80,129In,B-
49,77,126In,B-
49,77,126In,B-
49,76,125In,B-
49,76,125In,B-
49,75,124In,B-
49,75,124In,B-
49,74,123In,B-
49,74,123In,B-
49,73,122In,B-
49,73,122In,B-
49,73,122In,B-
49,72,121In,B-
49,72,121In,B-
49,72,121In,IT
49,71,120In,B-
49,71,120In,B-
49,71,120In,B-
49,70,119In,B-
49,70,119In,B-
49,70,119In,IT
49,79,128In,B-
49,79,128In,B-N
49,79,128In,B-
49,79,128In,B-N
49,79,128In,B-
49,79,128In,B-N
49,79,128In,IT
49,78,127In,B-
49,78,127In,B-N
49,78,127In,B-
49,78,127In,B-N
49,78,127In,B-
49,78,127In,B-N
49,66,115In,B-
49,66,115In,IT
49,66,115In,B-
49,65,114In,B-
49,65,114In,EC+B+
49,65,114In,IT
49,65,114In,EC+B+
49,64,113In,IT
49,63,112In,EC+B+
49,63,112In,B-
49,63,112In,IT
49,62,111In,EC
49,62,111In,IT
49,61,110In,EC+B+
49,61,110In,EC+B+
49,60,109In,EC+B+
49,60,109In,IT
49,60,109In,IT
49,69,118In,B-
49,69,118In,B-
49,69,118In,IT
49,69,118In,B-
49,68,117In,B-
49,68,117In,B-
49,68,117In,IT
49,67,116In,B-
49,67,116In,EC
49,67,116In,B-
49,67,116In,IT
49,55,104In,EC+B+
49,55,104In,IT
49,55,104In,EC+B+
49,54,103In,EC+B+
49,54,103In,EC+B+
49,54,103In,IT
49,53,102In,EC+B+
49,53,102In,ECP
49,52,101In,EC+B+
49,52,101In,ECP
49,52,101In,EC+B+
49,52,101In,IT
49,51,100In,EC+B+
49,51,100In,ECP
49,50,99In,EC+B+
49,50,99In,ECP
49,59,108In,EC+B+
49,59,108In,EC+B+
49,58,107In,EC+B+
49,58,107In,IT
49,57,106In,EC+B+
49,57,106In,EC+B+
49,56,105In,EC+B+
49,56,105In,IT
49,49,98In,EC+B+
49,49,98In,ECP
49,49,98In,EC+B+
49,49,98In,ECP
49,48,97In,EC+B+
49,48,97In,ECP
49,47,96In,EC+B+
49,47,96In,ECP
49,47,96In,P
50,49,99Sn,EC+B+
50,49,99Sn,ECP
50,51,101Sn,EC+B+
50,51,101Sn,ECP
50,50,100Sn,EC+B+
50,50,100Sn,ECP
50,53,103Sn,EC+B+
50,53,103Sn,ECP
50,52,102Sn,EC+B+
50,52,102Sn,ECP
50,55,105Sn,EC+B+
50,55,105Sn,ECP
50,54,104Sn,EC+B+
50,57,107Sn,EC+B+
50,56,106Sn,EC+B+
50,59,109Sn,EC+B+
50,58,108Sn,EC+B+
50,60,110Sn,EC
50,61,111Sn,EC+B+
50,63,113Sn,EC+B+
50,63,113Sn,IT
50,63,113Sn,EC+B+
50,67,117Sn,IT
50,69,119Sn,IT
50,71,121Sn,B-
50,71,121Sn,IT
50,71,121Sn,B-
50,73,123Sn,B-
50,73,123Sn,B-
50,75,125Sn,B-
50,75,125Sn,B-
50,77,127Sn,B-
50,77,127Sn,B-
50,76,126Sn,B-
50,79,129Sn,B-
50,79,129Sn,B-
50,78,128Sn,B-
50,78,128Sn,IT
50,80,130Sn,B-
50,80,130Sn,B-
50,82,132Sn,B-
50,81,131Sn,B-
50,81,131Sn,B-
50,81,131Sn,IT
50,84,134Sn,B-
50,84,134Sn,B-N
50,83,133Sn,B-
50,83,133Sn,B-N
50,86,136Sn,B-
50,86,136Sn,B-N
50,86,136Sn,B-2N
50,85,135Sn,B-
50,85,135Sn,B-N
50,85,135Sn,B-2N
50,88,138Sn,B-
50,88,138Sn,B-N
50,88,138Sn,B-2N
50,87,137Sn,B-
50,87,137Sn,B-N
50,87,137Sn,B-2N
50,89,139Sn,B-
50,89,139Sn,B-N
50,89,139Sn,B-2N
50,90,140Sn,B-
50,90,140Sn,B-N
50,90,140Sn,B-2N
51,54,105Sb,EC+B+
51,54,105Sb,P
51,54,105Sb,ECP
51,53,104Sb,EC+B+
51,53,104Sb,ECP
51,53,104Sb,P
51,56,107Sb,EC+B+
51,55,106Sb,EC+B+
51,55,106Sb,ECP
51,58,109Sb,EC+B+
51,57,108Sb,EC+B+
51,59,110Sb,EC+B+
51,61,112Sb,EC+B+
51,60,111Sb,EC+B+
51,63,114Sb,EC+B+
51,62,113Sb,EC+B+
51,65,116Sb,EC+B+
51,65,116Sb,EC+B+
51,64,115Sb,EC+B+
51,67,118Sb,EC+B+
51,67,118Sb,EC+B+
51,66,117Sb,EC+B+
51,69,120Sb,EC+B+
51,69,120Sb,EC+B+
51,68,119Sb,EC
51,68,119Sb,IT
51,71,122Sb,B-
51,71,122Sb,EC+B+
51,71,122Sb,IT
51,74,125Sb,B-
51,73,124Sb,B-
51,73,124Sb,IT
51,73,124Sb,B-
51,73,124Sb,IT
51,76,127Sb,B-
51,75,126Sb,B-
51,75,126Sb,B-
51,75,126Sb,IT
51,75,126Sb,IT
51,78,129Sb,B-
51,78,129Sb,B-
51,78,129Sb,IT
51,77,128Sb,B-
51,77,128Sb,B-
51,77,128Sb,IT
51,79,130Sb,B-
51,79,130Sb,B-
51,81,132Sb,B-
51,81,132Sb,B-
51,80,131Sb,B-
51,83,134Sb,B-
51,83,134Sb,B-N
51,83,134Sb,B-
51,83,134Sb,B-N
51,82,133Sb,B-
51,85,136Sb,B-
51,85,136Sb,B-N
51,85,136Sb,B-2N
51,84,135Sb,B-
51,84,135Sb,B-N
51,87,138Sb,B-
51,87,138Sb,B-N
51,87,138Sb,B-2N
51,86,137Sb,B-
51,86,137Sb,B-N
51,86,137Sb,B-2N
51,89,140Sb,B-
51,89,140Sb,B-N
51,89,140Sb,B-2N
51,88,139Sb,B-
51,88,139Sb,B-N
51,88,139Sb,B-2N
51,90,141Sb,B-
51,90,141Sb,B-N
51,90,141Sb,B-2N
51,91,142Sb,B-
51,91,142Sb,B-N
51,91,142Sb,B-2N
52,54,106Te,A
52,55,107Te,A
52,55,107Te,EC+B+
52,52,104Te,A
52,53,105Te,A
52,58,110Te,EC+B+
52,58,110Te,A
52,59,111Te,EC+B+
52,59,111Te,ECP
52,56,108Te,A
52,56,108Te,EC+B+
52,56,108Te,ECP
52,57,109Te,EC+B+
52,57,109Te,ECP
52,57,109Te,A
52,57,109Te,ECA
52,61,113Te,EC+B+
52,62,114Te,EC+B+
52,60,112Te,EC+B+
52,65,117Te,EC+B+
52,65,117Te,IT
52,66,118Te,EC
52,63,115Te,EC+B+
52,63,115Te,EC+B+
52,63,115Te,IT
52,64,116Te,EC+B+
52,69,121Te,EC+B+
52,69,121Te,IT
52,69,121Te,EC+B+
52,67,119Te,EC+B+
52,67,119Te,EC+B+
52,73,125Te,IT
52,71,123Te,IT
52,76,128Te,2B-
52,77,129Te,B-
52,77,129Te,IT
52,77,129Te,B-
52,75,127Te,B-
52,75,127Te,IT
52,75,127Te,B-
52,78,130Te,2B-
52,79,131Te,B-
52,79,131Te,B-
52,79,131Te,IT
52,79,131Te,IT
52,80,132Te,B-
52,83,135Te,B-
52,84,136Te,B-
52,84,136Te,B-N
52,81,133Te,B-
52,81,133Te,B-
52,81,133Te,IT
52,82,134Te,B-
52,87,139Te,B-
52,87,139Te,B-N
52,88,140Te,B-
52,88,140Te,B-N
52,85,137Te,B-
52,85,137Te,B-N
52,86,138Te,B-
52,86,138Te,B-N
52,89,141Te,B-
52,89,141Te,B-N
52,89,141Te,B-2N
52,90,142Te,B-
52,90,142Te,B-N
52,90,142Te,B-2N
52,91,143Te,B-
52,91,143Te,B-N
52,91,143Te,B-2N
52,92,144Te,B-
52,92,144Te,B-N
52,92,144Te,B-2N
52,93,145Te,B-
52,93,145Te,B-N
52,93,145Te,B-2N
53,55,108I,A
53,55,108I,P
53,55,108I,EC+B+
53,56,109I,P
53,56,109I,A
53,59,112I,EC+B+
53,59,112I,ECP
53,59,112I,ECA
53,59,112I,A
53,57,110I,A
53,57,110I,EC+B+
53,57,110I,ECP
53,57,110I,ECA
53,58,111I,EC+B+
53,58,111I,A
53,58,111I,ECP
53,62,115I,EC+B+
53,63,116I,EC+B+
53,60,113I,EC+B+
53,61,114I,EC+B+
53,61,114I,ECP
53,61,114I,EC+B+
53,61,114I,IT
53,66,119I,EC+B+
53,67,120I,EC+B+
53,67,120I,EC+B+
53,64,117I,EC+B+
53,65,118I,EC+B+
53,65,118I,EC+B+
53,65,118I,IT
53,68,121I,EC+B+
53,69,122I,EC+B+
53,70,123I,EC+B+
53,73,126I,B-
53,73,126I,EC+B+
53,71,124I,EC+B+
53,72,125I,EC
53,77,130I,B-
53,77,130I,IT
53,77,130I,B-
53,78,131I,B-
53,75,128I,B-
53,75,128I,EC+B+
53,76,129I,B-
53,79,132I,B-
53,79,132I,IT
53,79,132I,B-
53,80,133I,B-
53,80,133I,IT
53,81,134I,B-
53,81,134I,IT
53,81,134I,B-
53,84,137I,B-
53,84,137I,B-N
53,85,138I,B-
53,85,138I,B-N
53,82,135I,B-
53,83,136I,B-
53,83,136I,B-
53,88,141I,B-
53,88,141I,B-N
53,89,142I,B-
53,89,142I,B-N
53,89,142I,B-2N
53,86,139I,B-
53,86,139I,B-N
53,87,140I,B-
53,87,140I,B-N
53,87,140I,B-2N
53,87,140I,B-
53,87,140I,B-N
53,87,140I,B-
53,87,140I,B-N
53,91,144I,B-
53,91,144I,B-N
53,91,144I,B-2N
53,92,145I,B-
53,92,145I,B-N
53,92,145I,B-2N
53,90,143I,B-
53,90,143I,B-N
53,90,143I,B-2N
53,93,146I,B-
53,93,146I,B-N
53,93,146I,B-2N
53,94,147I,B-
53,94,147I,B-N
53,94,147I,B-2N
54,71,125Xe,EC+B+
54,71,125Xe,IT
54,75,129Xe,IT
54,73,127Xe,EC
54,73,127Xe,IT
54,79,133Xe,B-
54,79,133Xe,IT
54,77,131Xe,IT
54,82,136Xe,2B-
54,81,135Xe,B-
54,81,135Xe,IT
54,81,135Xe,B-
54,80,134Xe,IT
54,86,140Xe,B-
54,85,139Xe,B-
54,84,138Xe,B-
54,83,137Xe,B-
54,89,143Xe,B-
54,89,143Xe,B-N
54,88,142Xe,B-
54,88,142Xe,B-N
54,87,141Xe,B-
54,87,141Xe,B-N
54,93,147Xe,B-
54,93,147Xe,B-N
54,93,147Xe,B-2N
54,92,146Xe,B-
54,92,146Xe,B-N
54,91,145Xe,B-
54,91,145Xe,B-N
54,91,145Xe,B-2N
54,90,144Xe,B-
54,90,144Xe,B-N
54,96,150Xe,B-
54,96,150Xe,B-N
54,96,150Xe,B-2N
54,95,149Xe,B-
54,95,149Xe,B-N
54,95,149Xe,B-2N
54,94,148Xe,B-
54,94,148Xe,B-N
54,94,148Xe,B-2N
54,57,111Xe,EC+B+
54,57,111Xe,A
54,57,111Xe,ECP
54,56,110Xe,A
54,56,110Xe,EC+B+
54,56,110Xe,ECP
54,55,109Xe,A
54,54,108Xe,A
54,59,113Xe,EC+B+
54,59,113Xe,ECP
54,59,113Xe,ECA
54,59,113Xe,A
54,58,112Xe,EC+B+
54,58,112Xe,A
54,58,112Xe,ECP
54,60,114Xe,EC+B+
54,60,114Xe,ECP
54,64,118Xe,EC+B+
54,63,117Xe,EC+B+
54,63,117Xe,ECP
54,62,116Xe,EC+B+
54,61,115Xe,EC+B+
54,61,115Xe,ECP
54,61,115Xe,ECA
54,68,122Xe,EC
54,67,121Xe,EC+B+
54,66,120Xe,EC+B+
54,65,119Xe,EC+B+
54,69,123Xe,EC+B+
55,58,113Cs,P
55,57,112Cs,P
55,59,114Cs,EC+B+
55,59,114Cs,ECP
55,59,114Cs,ECA
55,59,114Cs,A
55,61,116Cs,EC+B+
55,61,116Cs,ECP
55,61,116Cs,ECA
55,61,116Cs,EC+B+
55,61,116Cs,ECP
55,61,116Cs,ECA
55,60,115Cs,EC+B+
55,60,115Cs,ECP
55,65,120Cs,EC+B+
55,65,120Cs,ECP
55,65,120Cs,ECA
55,65,120Cs,EC+B+
55,65,120Cs,ECP
55,65,120Cs,ECA
55,64,119Cs,EC+B+
55,64,119Cs,EC+B+
55,63,118Cs,EC+B+
55,63,118Cs,ECP
55,63,118Cs,ECA
55,63,118Cs,EC+B+
55,63,118Cs,ECP
55,63,118Cs,ECA
55,62,117Cs,EC+B+
55,62,117Cs,EC+B+
55,69,124Cs,EC+B+
55,69,124Cs,IT
55,69,124Cs,EC+B+
55,68,123Cs,EC+B+
55,68,123Cs,IT
55,67,122Cs,EC+B+
55,67,122Cs,IT
55,67,122Cs,EC+B+
55,66,121Cs,EC+B+
55,66,121Cs,EC+B+
55,66,121Cs,IT
55,72,127Cs,EC+B+
55,71,126Cs,EC+B+
55,70,125Cs,EC+B+
55,76,131Cs,EC
55,75,130Cs,EC+B+
55,75,130Cs,B-
55,75,130Cs,IT
55,75,130Cs,EC+B+
55,74,129Cs,EC+B+
55,73,128Cs,EC+B+
55,79,134Cs,B-
55,79,134Cs,EC
55,79,134Cs,IT
55,77,132Cs,EC+B+
55,77,132Cs,B-
55,83,138Cs,B-
55,83,138Cs,IT
55,83,138Cs,B-
55,82,137Cs,B-
55,81,136Cs,B-
55,81,136Cs,IT
55,81,136Cs,B-
55,80,135Cs,B-
55,80,135Cs,IT
55,87,142Cs,B-
55,87,142Cs,B-N
55,86,141Cs,B-
55,86,141Cs,B-N
55,85,140Cs,B-
55,84,139Cs,B-
55,89,144Cs,B-
55,89,144Cs,B-N
55,88,143Cs,B-
55,88,143Cs,B-N
55,90,145Cs,B-
55,90,145Cs,B-N
55,94,149Cs,B-
55,94,149Cs,B-N
55,94,149Cs,B-2N
55,93,148Cs,B-
55,93,148Cs,B-N
55,93,148Cs,B-2N
55,92,147Cs,B-
55,92,147Cs,B-N
55,91,146Cs,B-
55,91,146Cs,B-N
55,91,146Cs,B-2N
55,97,152Cs,B-
55,97,152Cs,B-N
55,97,152Cs,B-2N
55,96,151Cs,B-
55,96,151Cs,B-N
55,96,151Cs,B-2N
55,95,150Cs,B-
55,95,150Cs,B-N
55,95,150Cs,B-2N
56,92,148Ba,B-
56,92,148Ba,B-N
56,93,149Ba,B-
56,93,149Ba,B-N
56,94,150Ba,B-
56,94,150Ba,B-N
56,95,151Ba,B-
56,95,151Ba,B-N
56,90,146Ba,B-
56,91,147Ba,B-
56,91,147Ba,B-N
56,96,152Ba,B-
56,96,152Ba,B-N
56,97,153Ba,B-
56,97,153Ba,B-N
56,97,153Ba,B-2N
56,98,154Ba,B-
56,98,154Ba,B-N
56,58,114Ba,EC+B+
56,58,114Ba,ECP
56,58,114Ba,A
56,59,115Ba,EC+B+
56,59,115Ba,ECP
56,60,116Ba,EC+B+
56,60,116Ba,ECP
56,61,117Ba,EC+B+
56,61,117Ba,ECP
56,61,117Ba,ECA
56,62,118Ba,EC+B+
56,62,118Ba,ECP
56,67,123Ba,EC+B+
56,68,124Ba,EC+B+
56,69,125Ba,EC+B+
56,63,119Ba,EC+B+
56,63,119Ba,ECP
56,64,120Ba,EC+B+
56,65,121Ba,EC+B+
56,65,121Ba,ECP
56,66,122Ba,EC+B+
56,70,126Ba,EC+B+
56,71,127Ba,EC+B+
56,71,127Ba,IT
56,72,128Ba,EC
56,73,129Ba,EC+B+
56,73,129Ba,EC+B+
56,73,129Ba,IT
56,79,135Ba,IT
56,75,131Ba,EC+B+
56,75,131Ba,IT
56,77,133Ba,EC
56,77,133Ba,IT
56,77,133Ba,EC
56,81,137Ba,IT
56,83,139Ba,B-
56,84,140Ba,B-
56,80,136Ba,IT
56,89,145Ba,B-
56,85,141Ba,B-
56,86,142Ba,B-
56,87,143Ba,B-
56,88,144Ba,B-
57,60,117La,P
57,63,120La,EC+B+
57,63,120La,ECP
57,68,125La,EC+B+
57,68,125La,IT
57,69,126La,EC+B+
57,69,126La,EC+B+
57,69,126La,IT
57,64,121La,EC+B+
57,64,121La,ECP
57,65,122La,EC+B+
57,65,122La,ECP
57,66,123La,EC+B+
57,67,124La,EC+B+
57,67,124La,EC+B+
57,71,128La,EC+B+
57,71,128La,EC+B+
57,72,129La,EC+B+
57,72,129La,IT
57,73,130La,EC+B+
57,74,131La,EC+B+
57,70,127La,EC+B+
57,70,127La,EC+B+
57,79,136La,EC+B+
57,79,136La,IT
57,75,132La,EC+B+
57,75,132La,EC+B+
57,75,132La,IT
57,76,133La,EC+B+
57,77,134La,EC+B+
57,78,135La,EC+B+
57,83,140La,B-
57,84,141La,B-
57,85,142La,B-
57,80,137La,EC
57,81,138La,B-
57,81,138La,EC+B+
57,86,143La,B-
57,87,144La,B-
57,88,145La,B-
57,89,146La,B-
57,89,146La,B-
57,89,146La,IT
57,93,150La,B-
57,93,150La,B-N
57,94,151La,B-
57,94,151La,B-N
57,95,152La,B-
57,95,152La,B-N
57,96,153La,B-
57,96,153La,B-N
57,90,147La,B-
57,90,147La,B-N
57,91,148La,B-
57,91,148La,B-N
57,92,149La,B-
57,92,149La,B-N
57,97,154La,B-
57,97,154La,B-N
57,97,154La,B-2N
57,98,155La,B-
57,98,155La,B-N
57,98,155La,B-2N
57,99,156La,B-
57,99,156La,B-N
57,99,156La,B-2N
57,100,157La,B-
57,100,157La,B-N
57,100,157La,B-2N
58,100,158Ce,B-
58,100,158Ce,B-N
58,63,121Ce,EC+B+
58,63,121Ce,ECP
58,64,122Ce,EC+B+
58,64,122Ce,ECP
58,69,127Ce,EC+B+
58,69,127Ce,EC+B+
58,65,123Ce,EC+B+
58,65,123Ce,ECP
58,66,124Ce,EC+B+
58,67,125Ce,EC+B+
58,67,125Ce,ECP
58,67,125Ce,IT
58,68,126Ce,EC+B+
58,72,130Ce,EC+B+
58,73,131Ce,EC+B+
58,73,131Ce,EC+B+
58,74,132Ce,EC+B+
58,75,133Ce,EC+B+
58,75,133Ce,EC+B+
58,75,133Ce,IT
58,70,128Ce,EC+B+
58,71,129Ce,EC+B+
58,76,134Ce,EC
58,77,135Ce,EC+B+
58,77,135Ce,IT
58,79,137Ce,EC+B+
58,79,137Ce,IT
58,79,137Ce,EC+B+
58,83,141Ce,B-
58,85,143Ce,B-
58,86,144Ce,B-
58,80,138Ce,IT
58,81,139Ce,EC
58,81,139Ce,IT
58,87,145Ce,B-
58,88,146Ce,B-
58,89,147Ce,B-
58,94,152Ce,B-
58,95,153Ce,B-
58,95,153Ce,B-N
58,96,154Ce,B-
58,96,154Ce,B-N
58,97,155Ce,B-
58,97,155Ce,B-N
58,90,148Ce,B-
58,91,149Ce,B-
58,92,150Ce,B-
58,93,151Ce,B-
58,98,156Ce,B-
58,98,156Ce,B-N
58,99,157Ce,B-
58,99,157Ce,B-N
59,100,159Pr,B-
59,100,159Pr,B-N
59,101,160Pr,B-
59,101,160Pr,B-N
59,101,160Pr,B-2N
59,102,161Pr,B-
59,102,161Pr,B-N
59,102,161Pr,B-2N
59,85,144Pr,B-
59,85,144Pr,IT
59,85,144Pr,B-
59,84,143Pr,B-
59,87,146Pr,B-
59,86,145Pr,B-
59,81,140Pr,EC+B+
59,80,139Pr,EC+B+
59,83,142Pr,B-
59,83,142Pr,EC
59,83,142Pr,IT
59,89,148Pr,
59,89,148Pr,
59,89,148Pr,IT
59,88,147Pr,B-
59,90,149Pr,B-
59,96,155Pr,B-
59,96,155Pr,B-N
59,95,154Pr,B-
59,95,154Pr,B-N
59,98,157Pr,B-
59,98,157Pr,B-N
59,97,156Pr,B-
59,97,156Pr,B-N
59,92,151Pr,B-
59,91,150Pr,B-
59,94,153Pr,B-
59,94,153Pr,B-N
59,93,152Pr,B-
59,99,158Pr,B-
59,99,158Pr,B-N
59,62,121Pr,P
59,65,124Pr,EC+B+
59,65,124Pr,ECP
59,67,126Pr,EC+B+
59,67,126Pr,ECP
59,66,125Pr,EC+B+
59,66,125Pr,ECP
59,69,128Pr,EC+B+
59,69,128Pr,ECP
59,68,127Pr,EC+B+
59,68,127Pr,ECP
59,74,133Pr,EC+B+
59,74,133Pr,IT
59,73,132Pr,EC+B+
59,76,135Pr,EC+B+
59,75,134Pr,EC+B+
59,75,134Pr,EC+B+
59,70,129Pr,EC+B+
59,72,131Pr,EC+B+
59,72,131Pr,IT
59,72,131Pr,EC+B+
59,71,130Pr,EC+B+
59,71,130Pr,EC+B+
59,78,137Pr,EC+B+
59,77,136Pr,EC+B+
59,79,138Pr,EC+B+
59,79,138Pr,EC+B+
60,103,163Nd,B-
60,103,163Nd,B-N
60,101,161Nd,B-
60,101,161Nd,B-N
60,102,162Nd,B-
60,102,162Nd,B-N
60,100,160Nd,B-
60,100,160Nd,B-N
60,74,134Nd,EC+B+
60,73,133Nd,EC+B+
60,73,133Nd,EC+B+
60,73,133Nd,IT
60,72,132Nd,EC+B+
60,71,131Nd,EC+B+
60,71,131Nd,ECP
60,70,130Nd,EC+B+
60,79,139Nd,EC+B+
60,79,139Nd,EC+B+
60,79,139Nd,IT
60,78,138Nd,EC+B+
60,77,137Nd,EC+B+
60,77,137Nd,IT
60,76,136Nd,EC+B+
60,75,135Nd,EC+B+
60,75,135Nd,EC+B+
60,75,135Nd,IT
60,84,144Nd,A
60,81,141Nd,EC+B+
60,81,141Nd,IT
60,81,141Nd,EC+B+
60,80,140Nd,EC
60,89,149Nd,B-
60,87,147Nd,B-
60,96,156Nd,B-
60,95,155Nd,B-
60,94,154Nd,B-
60,93,153Nd,B-
60,92,152Nd,B-
60,91,151Nd,B-
60,90,150Nd,2B-
60,99,159Nd,B-
60,99,159Nd,B-N
60,98,158Nd,B-
60,98,158Nd,B-N
60,97,157Nd,B-
60,69,129Nd,EC+B+
60,69,129Nd,ECP
60,69,129Nd,EC+B+
60,69,129Nd,ECP
60,69,129Nd,IT
60,68,128Nd,EC+B+
60,68,128Nd,ECP
60,67,127Nd,EC+B+
60,67,127Nd,ECP
60,66,126Nd,EC+B+
60,66,126Nd,ECP
60,65,125Nd,EC+B+
60,65,125Nd,ECP
61,69,130Pm,EC+B+
61,69,130Pm,ECP
61,68,129Pm,EC+B+
61,68,129Pm,ECP
61,68,129Pm,P
61,67,128Pm,EC+B+
61,67,128Pm,ECP
61,75,136Pm,EC+B+
61,75,136Pm,EC+B+
61,74,135Pm,EC+B+
61,74,135Pm,EC+B+
61,73,134Pm,EC+B+
61,73,134Pm,EC+B+
61,72,133Pm,EC+B+
61,72,133Pm,EC+B+
61,72,133Pm,IT
61,71,132Pm,EC+B+
61,71,132Pm,ECP
61,70,131Pm,EC+B+
61,79,140Pm,EC+B+
61,79,140Pm,EC+B+
61,78,139Pm,EC+B+
61,78,139Pm,IT
61,77,138Pm,EC+B+
61,76,137Pm,EC+B+
61,76,137Pm,EC+B+
61,86,147Pm,B-
61,85,146Pm,B-
61,85,146Pm,EC
61,84,145Pm,EC
61,84,145Pm,A
61,83,144Pm,EC
61,82,143Pm,EC+B+
61,81,142Pm,EC+B+
61,80,141Pm,EC+B+
61,89,150Pm,B-
61,88,149Pm,B-
61,87,148Pm,B-
61,87,148Pm,B-
61,87,148Pm,IT
61,97,158Pm,B-
61,96,157Pm,B-
61,95,156Pm,B-
61,95,156Pm,IT
61,95,156Pm,B-
61,94,155Pm,B-
61,93,154Pm,B-
61,93,154Pm,B-
61,92,153Pm,B-
61,91,152Pm,B-
61,91,152Pm,B-
61,91,152Pm,B-
61,91,152Pm,IT
61,90,151Pm,B-
61,99,160Pm,B-
61,99,160Pm,B-N
61,99,160Pm,B-
61,99,160Pm,IT
61,98,159Pm,B-
61,98,159Pm,B-N
61,104,165Pm,B-
61,104,165Pm,B-N
61,100,161Pm,B-
61,100,161Pm,B-N
61,101,162Pm,B-
61,101,162Pm,B-N
61,102,163Pm,B-
61,102,163Pm,B-N
61,103,164Pm,B-
61,103,164Pm,B-N
62,67,129Sm,EC+B+
62,67,129Sm,ECP
62,68,130Sm,EC+B+
62,69,131Sm,EC+B+
62,69,131Sm,ECP
62,77,139Sm,EC+B+
62,77,139Sm,IT
62,77,139Sm,EC+B+
62,78,140Sm,EC+B+
62,79,141Sm,EC+B+
62,79,141Sm,EC+B+
62,79,141Sm,IT
62,70,132Sm,EC+B+
62,70,132Sm,ECP
62,71,133Sm,EC+B+
62,71,133Sm,ECP
62,71,133Sm,EC+B+
62,71,133Sm,ECP
62,71,133Sm,IT
62,72,134Sm,EC+B+
62,73,135Sm,EC+B+
62,73,135Sm,ECP
62,74,136Sm,EC+B+
62,75,137Sm,EC+B+
62,76,138Sm,EC+B+
62,89,151Sm,B-
62,80,142Sm,EC+B+
62,81,143Sm,EC+B+
62,81,143Sm,IT
62,81,143Sm,EC+B+
62,83,145Sm,EC
62,84,146Sm,A
62,85,147Sm,A
62,86,148Sm,A
62,102,164Sm,B-
62,102,164Sm,B-N
62,101,163Sm,B-
62,101,163Sm,B-N
62,100,162Sm,B-
62,106,168Sm,B-
62,106,168Sm,B-N
62,105,167Sm,B-
62,105,167Sm,B-N
62,104,166Sm,B-
62,104,166Sm,B-N
62,103,165Sm,B-
62,103,165Sm,B-N
62,99,161Sm,B-
62,91,153Sm,B-
62,93,155Sm,B-
62,94,156Sm,B-
62,95,157Sm,B-
62,96,158Sm,B-
62,97,159Sm,B-
62,98,160Sm,B-
63,107,170Eu,B-
63,107,170Eu,B-N
63,106,169Eu,B-
63,106,169Eu,B-N
63,101,164Eu,B-
63,100,163Eu,B-
63,103,166Eu,B-
63,103,166Eu,B-N
63,102,165Eu,B-
63,102,165Eu,B-N
63,105,168Eu,B-
63,105,168Eu,B-N
63,104,167Eu,B-
63,104,167Eu,B-N
63,67,130Eu,P
63,68,131Eu,P
63,68,131Eu,EC+B+
63,69,132Eu,P
63,69,132Eu,EC+B+
63,69,132Eu,ECP
63,78,141Eu,EC+B+
63,78,141Eu,IT
63,78,141Eu,EC+B+
63,79,142Eu,EC+B+
63,79,142Eu,EC+B+
63,71,134Eu,EC+B+
63,71,134Eu,ECP
63,72,135Eu,EC+B+
63,72,135Eu,ECP
63,73,136Eu,EC+B+
63,73,136Eu,ECP
63,73,136Eu,EC+B+
63,73,136Eu,ECP
63,74,137Eu,EC+B+
63,75,138Eu,EC+B+
63,76,139Eu,EC+B+
63,77,140Eu,EC+B+
63,77,140Eu,IT
63,77,140Eu,EC+B+
63,89,152Eu,EC+B+
63,89,152Eu,B-
63,89,152Eu,B-
63,89,152Eu,EC+B+
63,89,152Eu,IT
63,80,143Eu,EC+B+
63,81,144Eu,EC+B+
63,82,145Eu,EC+B+
63,83,146Eu,EC+B+
63,84,147Eu,EC
63,84,147Eu,A
63,85,148Eu,EC+B+
63,85,148Eu,A
63,86,149Eu,EC
63,87,150Eu,EC+B+
63,87,150Eu,B-
63,87,150Eu,EC+B+
63,88,151Eu,A
63,91,154Eu,B-
63,91,154Eu,EC+B+
63,91,154Eu,IT
63,92,155Eu,B-
63,93,156Eu,B-
63,94,157Eu,B-
63,95,158Eu,B-
63,96,159Eu,B-
63,97,160Eu,B-
63,97,160Eu,B-
63,98,161Eu,B-
63,99,162Eu,B-
63,99,162Eu,B-
64,79,143Gd,EC+B+
64,79,143Gd,EC+B+
64,70,134Gd,EC+B+
64,70,134Gd,ECP
64,72,136Gd,EC+B+
64,72,136Gd,ECP
64,71,135Gd,EC+B+
64,71,135Gd,ECP
64,74,138Gd,EC+B+
64,74,138Gd,ECP
64,73,137Gd,EC+B+
64,73,137Gd,ECP
64,76,140Gd,EC+B+
64,75,139Gd,EC+B+
64,75,139Gd,ECP
64,75,139Gd,EC+B+
64,75,139Gd,ECP
64,78,142Gd,EC+B+
64,77,141Gd,EC+B+
64,77,141Gd,ECP
64,77,141Gd,EC+B+
64,77,141Gd,IT
64,81,145Gd,EC+B+
64,81,145Gd,IT
64,81,145Gd,EC+B+
64,80,144Gd,EC+B+
64,83,147Gd,EC+B+
64,82,146Gd,EC+B+
64,85,149Gd,EC+B+
64,85,149Gd,A
64,84,148Gd,A
64,87,151Gd,EC
64,87,151Gd,A
64,86,150Gd,A
64,89,153Gd,EC
64,88,152Gd,A
64,95,159Gd,B-
64,98,162Gd,B-
64,97,161Gd,B-
64,99,163Gd,B-
64,99,163Gd,B-
64,99,163Gd,IT
64,104,168Gd,B-
64,103,167Gd,B-
64,102,166Gd,B-
64,101,165Gd,B-
64,100,164Gd,B-
64,108,172Gd,B-
64,108,172Gd,B-N
64,107,171Gd,B-
64,107,171Gd,B-N
64,106,170Gd,B-
64,106,170Gd,B-N
64,105,169Gd,B-
64,105,169Gd,B-N
65,101,166Tb,B-
65,100,165Tb,B-
65,103,168Tb,B-
65,102,167Tb,B-
65,109,174Tb,B-
65,109,174Tb,B-N
65,108,173Tb,B-
65,108,173Tb,B-N
65,105,170Tb,B-
65,105,170Tb,B-N
65,104,169Tb,B-
65,107,172Tb,B-
65,107,172Tb,B-N
65,106,171Tb,B-
65,106,171Tb,B-N
65,80,145Tb,EC+B+
65,82,147Tb,EC+B+
65,82,147Tb,EC+B+
65,81,146Tb,EC+B+
65,81,146Tb,EC+B+
65,84,149Tb,EC+B+
65,84,149Tb,A
65,84,149Tb,EC+B+
65,84,149Tb,A
65,83,148Tb,EC+B+
65,83,148Tb,EC+B+
65,86,151Tb,EC+B+
65,86,151Tb,A
65,86,151Tb,IT
65,86,151Tb,EC+B+
65,85,150Tb,EC+B+
65,85,150Tb,EC+B+
65,85,150Tb,IT
65,88,153Tb,EC+B+
65,87,152Tb,EC+B+
65,87,152Tb,IT
65,87,152Tb,EC+B+
65,89,154Tb,EC+B+
65,89,154Tb,EC+B+
65,89,154Tb,IT
65,89,154Tb,EC+B+
65,89,154Tb,IT
65,91,156Tb,EC+B+
65,91,156Tb,IT
65,91,156Tb,EC+B+
65,91,156Tb,IT
65,90,155Tb,EC
65,93,158Tb,EC+B+
65,93,158Tb,B-
65,93,158Tb,IT
65,93,158Tb,B-
65,93,158Tb,EC+B+
65,92,157Tb,EC
65,95,160Tb,B-
65,97,162Tb,B-
65,97,162Tb,B-
65,97,162Tb,IT
65,96,161Tb,B-
65,99,164Tb,B-
65,99,164Tb,B-
65,99,164Tb,IT
65,98,163Tb,B-
65,70,135Tb,P
65,73,138Tb,EC+B+
65,73,138Tb,ECP
65,75,140Tb,EC+B+
65,75,140Tb,ECP
65,74,139Tb,EC+B+
65,74,139Tb,ECP
65,77,142Tb,EC+B+
65,77,142Tb,ECP
65,77,142Tb,IT
65,76,141Tb,EC+B+
65,76,141Tb,ECP
65,79,144Tb,EC+B+
65,79,144Tb,EC+B+
65,79,144Tb,IT
65,78,143Tb,EC+B+
65,78,143Tb,EC+B+
65,78,143Tb,IT
66,75,141Dy,EC+B+
66,75,141Dy,ECP
66,76,142Dy,EC+B+
66,76,142Dy,ECP
66,73,139Dy,EC+B+
66,73,139Dy,ECP
66,74,140Dy,EC+B+
66,74,140Dy,ECP
66,79,145Dy,EC+B+
66,79,145Dy,ECP
66,79,145Dy,EC+B+
66,79,145Dy,ECP
66,77,143Dy,EC+B+
66,77,143Dy,ECP
66,77,143Dy,EC+B+
66,77,143Dy,ECP
66,78,144Dy,EC+B+
66,78,144Dy,ECP
66,82,148Dy,EC+B+
66,83,149Dy,EC+B+
66,83,149Dy,IT
66,83,149Dy,EC+B+
66,80,146Dy,EC+B+
66,80,146Dy,IT
66,81,147Dy,EC+B+
66,81,147Dy,ECP
66,81,147Dy,EC+B+
66,81,147Dy,IT
66,86,152Dy,EC+B+
66,86,152Dy,A
66,87,153Dy,EC+B+
66,87,153Dy,A
66,84,150Dy,EC+B+
66,84,150Dy,A
66,85,151Dy,EC+B+
66,85,151Dy,A
66,88,154Dy,A
66,89,155Dy,EC+B+
66,93,159Dy,EC
66,91,157Dy,EC+B+
66,99,165Dy,B-
66,99,165Dy,IT
66,99,165Dy,B-
66,110,176Dy,B-
66,110,176Dy,B-N
66,102,168Dy,B-
66,101,167Dy,B-
66,100,166Dy,B-
66,106,172Dy,B-
66,106,172Dy,IT
66,106,172Dy,B-
66,105,171Dy,B-
66,104,170Dy,B-
66,103,169Dy,B-
66,109,175Dy,B-
66,109,175Dy,B-N
66,108,174Dy,B-
66,107,173Dy,B-
67,73,140Ho,P
67,76,143Ho,EC+B+
67,76,143Ho,ECP
67,77,144Ho,EC+B+
67,77,144Ho,ECP
67,74,141Ho,P
67,75,142Ho,EC+B+
67,75,142Ho,ECP
67,75,142Ho,P
67,78,145Ho,EC+B+
67,78,145Ho,ECP
67,79,146Ho,EC+B+
67,79,146Ho,ECP
67,80,147Ho,EC+B+
67,80,147Ho,ECP
67,83,150Ho,EC+B+
67,83,150Ho,EC+B+
67,84,151Ho,EC+B+
67,84,151Ho,A
67,84,151Ho,A
67,84,151Ho,EC+B+
67,81,148Ho,EC+B+
67,81,148Ho,ECP
67,81,148Ho,EC+B+
67,81,148Ho,ECP
67,82,149Ho,EC+B+
67,82,149Ho,EC+B+
67,87,154Ho,EC+B+
67,87,154Ho,A
67,87,154Ho,EC+B+
67,87,154Ho,IT
67,87,154Ho,A
67,88,155Ho,EC+B+
67,85,152Ho,EC+B+
67,85,152Ho,A
67,85,152Ho,EC+B+
67,85,152Ho,A
67,86,153Ho,EC+B+
67,86,153Ho,A
67,86,153Ho,EC+B+
67,86,153Ho,A
67,89,156Ho,EC+B+
67,89,156Ho,IT
67,89,156Ho,EC+B+
67,89,156Ho,IT
67,90,157Ho,EC+B+
67,91,158Ho,EC+B+
67,91,158Ho,EC+B+
67,91,158Ho,IT
67,91,158Ho,EC+B+
67,91,158Ho,IT
67,94,161Ho,EC
67,94,161Ho,IT
67,95,162Ho,EC+B+
67,95,162Ho,EC+B+
67,95,162Ho,IT
67,92,159Ho,EC+B+
67,92,159Ho,IT
67,93,160Ho,EC+B+
67,93,160Ho,EC+B+
67,93,160Ho,IT
67,93,160Ho,IT
67,99,166Ho,B-
67,99,166Ho,B-
67,96,163Ho,EC
67,96,163Ho,IT
67,97,164Ho,B-
67,97,164Ho,EC+B+
67,97,164Ho,IT
67,101,168Ho,B-
67,101,168Ho,IT
67,100,167Ho,B-
67,103,170Ho,B-
67,103,170Ho,B-
67,102,169Ho,B-
67,105,172Ho,B-
67,104,171Ho,B-
67,107,174Ho,B-
67,106,173Ho,B-
67,109,176Ho,B-
67,109,176Ho,B-N
67,108,175Ho,B-
67,108,175Ho,B-N
67,110,177Ho,B-
67,110,177Ho,B-N
67,111,178Ho,B-
67,111,178Ho,B-N
68,108,176Er,B-
68,107,175Er,B-
68,106,174Er,B-
68,106,174Er,IT
68,105,173Er,B-
68,104,172Er,B-
68,103,171Er,B-
68,101,169Er,B-
68,109,177Er,B-
68,112,180Er,B-
68,112,180Er,B-N
68,111,179Er,B-
68,110,178Er,B-
68,78,146Er,EC+B+
68,78,146Er,ECP
68,77,145Er,EC+B+
68,77,145Er,ECP
68,77,145Er,EC+B+
68,77,145Er,ECP
68,76,144Er,EC+B+
68,76,144Er,ECP
68,75,143Er,EC+B+
68,75,143Er,ECP
68,79,147Er,EC+B+
68,79,147Er,ECP
68,79,147Er,EC+B+
68,79,147Er,ECP
68,81,149Er,EC+B+
68,81,149Er,ECP
68,81,149Er,EC+B+
68,81,149Er,ECP
68,81,149Er,IT
68,80,148Er,EC+B+
68,80,148Er,ECP
68,85,153Er,A
68,85,153Er,EC+B+
68,84,152Er,A
68,84,152Er,EC+B+
68,83,151Er,EC+B+
68,83,151Er,IT
68,83,151Er,EC+B+
68,82,150Er,EC+B+
68,89,157Er,EC+B+
68,88,156Er,EC+B+
68,88,156Er,A
68,87,155Er,EC+B+
68,87,155Er,A
68,86,154Er,EC+B+
68,86,154Er,A
68,92,160Er,EC
68,91,159Er,EC+B+
68,90,158Er,EC
68,95,163Er,EC+B+
68,93,161Er,EC+B+
68,99,167Er,IT
68,97,165Er,EC
69,75,144Tm,P
69,79,148Tm,EC+B+
69,79,148Tm,ECP
69,78,147Tm,EC+B+
69,78,147Tm,P
69,77,146Tm,P
69,77,146Tm,EC+B+
69,77,146Tm,ECP
69,77,146Tm,P
69,77,146Tm,EC+B+
69,77,146Tm,ECP
69,77,146Tm,P
69,77,146Tm,EC+B+
69,77,146Tm,ECP
69,76,145Tm,P
69,82,151Tm,EC+B+
69,82,151Tm,EC+B+
69,81,150Tm,EC+B+
69,81,150Tm,ECP
69,81,150Tm,EC+B+
69,81,150Tm,ECP
69,80,149Tm,EC+B+
69,80,149Tm,ECP
69,86,155Tm,EC+B+
69,86,155Tm,A
69,86,155Tm,EC+B+
69,86,155Tm,A
69,85,154Tm,A
69,85,154Tm,EC+B+
69,85,154Tm,A
69,85,154Tm,EC+B+
69,85,154Tm,IT
69,84,153Tm,A
69,84,153Tm,EC+B+
69,84,153Tm,A
69,84,153Tm,EC+B+
69,83,152Tm,EC+B+
69,83,152Tm,EC+B+
69,89,158Tm,EC+B+
69,88,157Tm,EC+B+
69,88,157Tm,A
69,87,156Tm,EC+B+
69,87,156Tm,A
69,93,162Tm,EC+B+
69,93,162Tm,EC+B+
69,93,162Tm,IT
69,92,161Tm,EC+B+
69,92,161Tm,EC+B+
69,92,161Tm,IT
69,91,160Tm,EC+B+
69,91,160Tm,EC+B+
69,91,160Tm,IT
69,90,159Tm,EC+B+
69,97,166Tm,EC+B+
69,97,166Tm,IT
69,96,165Tm,EC+B+
69,95,164Tm,EC+B+
69,95,164Tm,EC+B+
69,95,164Tm,IT
69,94,163Tm,EC+B+
69,99,168Tm,EC+B+
69,99,168Tm,B-
69,98,167Tm,EC
69,109,178Tm,B-
69,108,177Tm,B-
69,108,177Tm,B-
69,108,177Tm,IT
69,105,174Tm,B-
69,105,174Tm,IT
69,105,174Tm,B-
69,104,173Tm,B-
69,107,176Tm,B-
69,106,175Tm,B-
69,101,170Tm,B-
69,101,170Tm,EC
69,103,172Tm,B-
69,102,171Tm,B-
69,112,181Tm,B-
69,112,181Tm,B-N
69,111,180Tm,B-
69,111,180Tm,B-N
69,110,179Tm,B-
70,79,149Yb,EC+B+
70,79,149Yb,ECP
70,89,159Yb,EC+B+
70,86,156Yb,A
70,86,156Yb,EC+B+
70,85,155Yb,A
70,85,155Yb,EC+B+
70,88,158Yb,EC+B+
70,88,158Yb,A
70,87,157Yb,EC+B+
70,87,157Yb,A
70,82,152Yb,EC+B+
70,82,152Yb,ECP
70,81,151Yb,EC+B+
70,81,151Yb,ECP
70,81,151Yb,EC+B+
70,81,151Yb,ECP
70,81,151Yb,IT
70,84,154Yb,A
70,84,154Yb,EC+B+
70,83,153Yb,A
70,83,153Yb,EC+B+
70,80,150Yb,EC+B+
70,80,150Yb,ECP
70,97,167Yb,EC+B+
70,96,166Yb,EC
70,99,169Yb,EC
70,99,169Yb,IT
70,93,163Yb,EC+B+
70,92,162Yb,EC+B+
70,95,165Yb,EC+B+
70,94,164Yb,EC
70,91,161Yb,EC+B+
70,90,160Yb,EC+B+
70,112,182Yb,B-
70,111,181Yb,B-
70,110,180Yb,B-
70,105,175Yb,B-
70,109,179Yb,B-
70,108,178Yb,B-
70,107,177Yb,B-
70,107,177Yb,IT
70,106,176Yb,IT
70,115,185Yb,B-
70,114,184Yb,B-
70,113,183Yb,B-
71,102,173Lu,EC
71,101,172Lu,EC+B+
71,101,172Lu,IT
71,103,174Lu,EC+B+
71,103,174Lu,IT
71,103,174Lu,EC
71,106,177Lu,B-
71,106,177Lu,B-
71,106,177Lu,IT
71,105,176Lu,B-
71,105,176Lu,B-
71,105,176Lu,EC
71,108,179Lu,B-
71,107,178Lu,B-
71,107,178Lu,B-
71,109,180Lu,B-
71,111,182Lu,B-
71,110,181Lu,B-
71,100,171Lu,EC+B+
71,100,171Lu,IT
71,113,184Lu,B-
71,112,183Lu,B-
71,115,186Lu,B-
71,114,185Lu,B-
71,117,188Lu,B-
71,117,188Lu,B-N
71,116,187Lu,B-
71,116,187Lu,B-N
71,87,158Lu,EC+B+
71,87,158Lu,A
71,86,157Lu,A
71,86,157Lu,EC+B+
71,86,157Lu,EC+B+
71,86,157Lu,A
71,89,160Lu,EC+B+
71,89,160Lu,A
71,89,160Lu,EC+B+
71,89,160Lu,A
71,88,159Lu,EC+B+
71,83,154Lu,EC+B+
71,83,154Lu,ECP
71,83,154Lu,A
71,83,154Lu,EC+B+
71,83,154Lu,ECP
71,83,154Lu,A
71,82,153Lu,A
71,82,153Lu,EC+B+
71,85,156Lu,A
71,85,156Lu,A
71,84,155Lu,A
71,84,155Lu,EC+B+
71,84,155Lu,A
71,84,155Lu,EC+B+
71,81,152Lu,EC+B+
71,81,152Lu,ECP
71,80,151Lu,EC+B+
71,80,151Lu,P
71,80,151Lu,P
71,98,169Lu,EC+B+
71,98,169Lu,IT
71,97,168Lu,EC+B+
71,97,168Lu,EC+B+
71,97,168Lu,IT
71,99,170Lu,EC+B+
71,99,170Lu,IT
71,94,165Lu,EC+B+
71,93,164Lu,EC+B+
71,96,167Lu,EC+B+
71,96,167Lu,EC+B+
71,96,167Lu,IT
71,95,166Lu,EC+B+
71,95,166Lu,EC+B+
71,95,166Lu,IT
71,95,166Lu,EC+B+
71,95,166Lu,IT
71,90,161Lu,EC+B+
71,92,163Lu,EC+B+
71,91,162Lu,EC+B+
71,91,162Lu,EC+B+
71,91,162Lu,IT
71,91,162Lu,EC+B+
71,91,162Lu,IT
71,79,150Lu,P
72,89,161Hf,EC+B+
72,89,161Hf,A
72,87,159Hf,EC+B+
72,87,159Hf,A
72,88,160Hf,EC+B+
72,88,160Hf,A
72,85,157Hf,A
72,85,157Hf,EC+B+
72,86,158Hf,A
72,86,158Hf,EC+B+
72,83,155Hf,EC+B+
72,84,156Hf,A
72,81,153Hf,EC+B+
72,81,153Hf,ECP
72,82,154Hf,EC+B+
72,82,154Hf,A
72,98,170Hf,EC
72,99,171Hf,EC+B+
72,99,171Hf,IT
72,96,168Hf,EC+B+
72,97,169Hf,EC+B+
72,94,166Hf,EC+B+
72,95,167Hf,EC+B+
72,92,164Hf,EC+B+
72,93,165Hf,EC+B+
72,90,162Hf,EC+B+
72,90,162Hf,A
72,91,163Hf,EC+B+
72,109,181Hf,B-
72,108,180Hf,IT
72,108,180Hf,B-
72,107,179Hf,IT
72,107,179Hf,IT
72,106,178Hf,IT
72,106,178Hf,IT
72,105,177Hf,IT
72,105,177Hf,IT
72,103,175Hf,EC
72,102,174Hf,A
72,101,173Hf,EC+B+
72,100,172Hf,EC
72,110,182Hf,B-
72,110,182Hf,B-
72,110,182Hf,IT
72,118,190Hf,B-
72,117,189Hf,B-
72,116,188Hf,B-
72,115,187Hf,B-
72,114,186Hf,B-
72,114,186Hf,B-
72,114,186Hf,IT
72,113,185Hf,B-
72,112,184Hf,B-
72,112,184Hf,IT
72,112,184Hf,IT
72,112,184Hf,B-
72,111,183Hf,B-
73,88,161Ta,A
73,88,161Ta,EC+B+
73,88,161Ta,EC+B+
73,88,161Ta,A
73,89,162Ta,EC+B+
73,89,162Ta,A
73,86,159Ta,A
73,86,159Ta,EC+B+
73,86,159Ta,A
73,86,159Ta,EC+B+
73,87,160Ta,A
73,87,160Ta,EC+B+
73,87,160Ta,A
73,87,160Ta,EC+B+
73,84,157Ta,A
73,84,157Ta,P
73,85,158Ta,A
73,85,158Ta,EC+B+
73,82,155Ta,P
73,83,156Ta,P
73,83,156Ta,EC+B+
73,83,156Ta,EC+B+
73,83,156Ta,P
73,99,172Ta,EC+B+
73,97,170Ta,EC+B+
73,98,171Ta,EC+B+
73,95,168Ta,EC+B+
73,96,169Ta,EC+B+
73,93,166Ta,EC+B+
73,94,167Ta,EC+B+
73,91,164Ta,EC+B+
73,92,165Ta,EC+B+
73,90,163Ta,EC+B+
73,107,180Ta,EC
73,107,180Ta,B-
73,109,182Ta,B-
73,109,182Ta,IT
73,109,182Ta,IT
73,104,177Ta,EC+B+
73,103,176Ta,EC+B+
73,106,179Ta,EC
73,105,178Ta,EC+B+
73,105,178Ta,IT
73,105,178Ta,EC+B+
73,100,173Ta,EC+B+
73,102,175Ta,EC+B+
73,101,174Ta,EC+B+
73,121,194Ta,B-
73,121,194Ta,B-N
73,120,193Ta,B-
73,120,193Ta,B-N
73,119,192Ta,B-
73,118,191Ta,B-
73,115,188Ta,B-
73,115,188Ta,B-
73,115,188Ta,IT
73,114,187Ta,B-
73,114,187Ta,IT
73,114,187Ta,B-
73,114,187Ta,B-
73,117,190Ta,B-
73,116,189Ta,B-
73,111,184Ta,B-
73,110,183Ta,B-
73,113,186Ta,B-
73,113,186Ta,IT
73,113,186Ta,B-
73,113,186Ta,IT
73,112,185Ta,B-
74,117,191W,B-
74,118,192W,B-
74,119,193W,B-
74,113,187W,B-
74,114,188W,B-
74,115,189W,B-
74,116,190W,B-
74,111,185W,B-
74,111,185W,IT
74,120,194W,B-
74,121,195W,B-
74,122,196W,B-
74,123,197W,B-
74,106,180W,A
74,107,181W,EC
74,109,183W,IT
74,102,176W,EC
74,103,177W,EC+B+
74,104,178W,EC
74,105,179W,EC+B+
74,105,179W,IT
74,105,179W,EC+B+
74,100,174W,EC+B+
74,101,175W,EC+B+
74,89,163W,EC+B+
74,89,163W,A
74,88,162W,A
74,88,162W,EC+B+
74,87,161W,A
74,87,161W,EC+B+
74,86,160W,A
74,86,160W,EC+B+
74,85,159W,A
74,84,158W,A
74,83,157W,EC+B+
74,99,173W,EC+B+
74,98,172W,EC+B+
74,97,171W,EC+B+
74,96,170W,EC+B+
74,95,169W,EC+B+
74,94,168W,EC+B+
74,94,168W,A
74,93,167W,EC+B+
74,93,167W,A
74,92,166W,EC+B+
74,92,166W,A
74,91,165W,EC+B+
74,91,165W,A
74,90,164W,EC+B+
74,90,164W,A
75,118,193Re,B-
75,119,194Re,B-
75,119,194Re,B-
75,119,194Re,IT
75,119,194Re,B-
75,119,194Re,IT
75,116,191Re,B-
75,117,192Re,B-
75,111,186Re,B-
75,111,186Re,EC
75,111,186Re,IT
75,114,189Re,B-
75,115,190Re,B-
75,115,190Re,B-
75,115,190Re,IT
75,112,187Re,B-
75,113,188Re,B-
75,113,188Re,IT
75,121,196Re,B-
75,122,197Re,B-
75,120,195Re,B-
75,123,198Re,B-
75,124,199Re,B-
75,124,199Re,B-N
75,107,182Re,EC+B+
75,107,182Re,EC+B+
75,108,183Re,EC
75,105,180Re,EC+B+
75,106,181Re,EC+B+
75,109,184Re,EC+B+
75,109,184Re,IT
75,109,184Re,EC
75,100,175Re,EC+B+
75,103,178Re,EC+B+
75,104,179Re,EC+B+
75,101,176Re,EC+B+
75,102,177Re,EC+B+
75,89,164Re,A
75,89,164Re,EC+B+
75,89,164Re,EC+B+
75,89,164Re,A
75,88,163Re,EC+B+
75,88,163Re,A
75,88,163Re,A
75,88,163Re,EC+B+
75,87,162Re,A
75,87,162Re,EC+B+
75,87,162Re,A
75,87,162Re,EC+B+
75,86,161Re,P
75,86,161Re,A
75,86,161Re,A
75,86,161Re,P
75,85,160Re,P
75,85,160Re,A
75,84,159Re,P
75,84,159Re,A
75,84,159Re,P
75,84,159Re,A
75,99,174Re,EC+B+
75,98,173Re,EC+B+
75,97,172Re,EC+B+
75,97,172Re,EC+B+
75,96,171Re,EC+B+
75,95,170Re,EC+B+
75,95,170Re,EC+B+
75,95,170Re,IT
75,94,169Re,EC+B+
75,94,169Re,A
75,94,169Re,A
75,94,169Re,EC+B+
75,94,169Re,IT
75,93,168Re,EC+B+
75,93,168Re,A
75,92,167Re,EC+B+
75,92,167Re,A
75,92,167Re,A
75,91,166Re,A
75,91,166Re,EC+B+
75,90,165Re,EC+B+
75,90,165Re,A
75,90,165Re,EC+B+
75,90,165Re,A
76,90,166Os,A
76,90,166Os,EC+B+
76,91,167Os,A
76,91,167Os,EC+B+
76,92,168Os,A
76,92,168Os,EC+B+
76,93,169Os,A
76,93,169Os,EC+B+
76,94,170Os,EC+B+
76,94,170Os,A
76,95,171Os,EC+B+
76,95,171Os,A
76,96,172Os,EC+B+
76,96,172Os,A
76,97,173Os,EC+B+
76,97,173Os,A
76,98,174Os,EC+B+
76,98,174Os,A
76,99,175Os,EC+B+
76,85,161Os,A
76,86,162Os,A
76,87,163Os,A
76,88,164Os,A
76,88,164Os,EC+B+
76,89,165Os,A
76,89,165Os,EC+B+
76,126,202Os,B-
76,127,203Os,B-
76,127,203Os,B-N
76,120,196Os,B-
76,121,197Os,B-
76,122,198Os,B-
76,123,199Os,B-
76,124,200Os,B-
76,125,201Os,B-
76,115,191Os,B-
76,115,191Os,IT
76,116,192Os,IT
76,117,193Os,B-
76,118,194Os,B-
76,119,195Os,B-
76,119,195Os,IT
76,110,186Os,A
76,113,189Os,IT
76,114,190Os,IT
76,104,180Os,EC+B+
76,105,181Os,EC+B+
76,105,181Os,EC+B+
76,105,181Os,IT
76,106,182Os,EC
76,107,183Os,EC+B+
76,107,183Os,EC+B+
76,107,183Os,IT
76,108,184Os,A
76,109,185Os,EC
76,100,176Os,EC+B+
76,101,177Os,EC+B+
76,102,178Os,EC+B+
76,103,179Os,EC+B+
77,123,200Ir,B-
77,124,201Ir,B-
77,121,198Ir,B-
77,122,199Ir,B-
77,120,197Ir,B-
77,120,197Ir,B-
77,120,197Ir,IT
77,127,204Ir,B-
77,127,204Ir,B-N
77,128,205Ir,B-
77,128,205Ir,B-N
77,125,202Ir,B-
77,126,203Ir,B-
77,112,189Ir,EC
77,113,190Ir,EC+B+
77,113,190Ir,IT
77,113,190Ir,EC+B+
77,113,190Ir,IT
77,110,187Ir,EC+B+
77,110,187Ir,IT
77,111,188Ir,EC+B+
77,118,195Ir,B-
77,118,195Ir,B-
77,118,195Ir,IT
77,119,196Ir,B-
77,119,196Ir,B-
77,119,196Ir,IT
77,116,193Ir,IT
77,117,194Ir,B-
77,117,194Ir,B-
77,114,191Ir,IT
77,114,191Ir,IT
77,115,192Ir,B-
77,115,192Ir,EC
77,115,192Ir,IT
77,115,192Ir,B-
77,115,192Ir,IT
77,101,178Ir,EC+B+
77,102,179Ir,EC+B+
77,100,177Ir,EC+B+
77,100,177Ir,A
77,109,186Ir,EC+B+
77,109,186Ir,EC+B+
77,109,186Ir,IT
77,107,184Ir,EC+B+
77,108,185Ir,EC+B+
77,105,182Ir,EC+B+
77,106,183Ir,EC+B+
77,103,180Ir,EC+B+
77,104,181Ir,EC+B+
77,90,167Ir,A
77,90,167Ir,EC+B+
77,90,167Ir,P
77,90,167Ir,A
77,90,167Ir,EC+B+
77,90,167Ir,P
77,91,168Ir,A
77,91,168Ir,EC+B+
77,91,168Ir,P
77,91,168Ir,A
77,91,168Ir,EC+B+
77,91,168Ir,P
77,92,169Ir,A
77,92,169Ir,EC+B+
77,92,169Ir,A
77,92,169Ir,EC+B+
77,93,170Ir,EC+B+
77,93,170Ir,A
77,93,170Ir,A
77,93,170Ir,EC+B+
77,93,170Ir,IT
77,94,171Ir,EC+B+
77,94,171Ir,A
77,94,171Ir,A
77,94,171Ir,EC+B+
77,94,171Ir,P
77,95,172Ir,EC+B+
77,95,172Ir,A
77,95,172Ir,EC+B+
77,95,172Ir,A
77,96,173Ir,EC+B+
77,96,173Ir,A
77,96,173Ir,EC+B+
77,96,173Ir,A
77,97,174Ir,EC
77,97,174Ir,A
77,97,174Ir,EC
77,97,174Ir,A
77,98,175Ir,EC+B+
77,98,175Ir,A
77,98,175Ir,EC+B+
77,98,175Ir,IT
77,99,176Ir,EC+B+
77,99,176Ir,A
77,87,164Ir,A
77,87,164Ir,EC+B+
77,87,164Ir,P
77,88,165Ir,A
77,88,165Ir,P
77,88,165Ir,P
77,88,165Ir,A
77,89,166Ir,A
77,89,166Ir,P
77,89,166Ir,A
77,89,166Ir,P
78,130,208Pt,B-
78,130,208Pt,B-N
78,100,178Pt,EC+B+
78,100,178Pt,A
78,101,179Pt,EC+B+
78,101,179Pt,A
78,106,184Pt,EC+B+
78,106,184Pt,A
78,107,185Pt,EC+B+
78,107,185Pt,A
78,107,185Pt,EC+B+
78,107,185Pt,IT
78,108,186Pt,EC+B+
78,108,186Pt,A
78,109,187Pt,EC+B+
78,102,180Pt,EC+B+
78,102,180Pt,A
78,103,181Pt,EC+B+
78,103,181Pt,A
78,104,182Pt,EC+B+
78,104,182Pt,A
78,105,183Pt,EC+B+
78,105,183Pt,A
78,105,183Pt,EC+B+
78,105,183Pt,IT
78,110,188Pt,EC+B+
78,110,188Pt,A
78,111,189Pt,EC+B+
78,112,190Pt,A
78,117,195Pt,IT
78,119,197Pt,B-
78,119,197Pt,IT
78,119,197Pt,B-
78,113,191Pt,EC+B+
78,115,193Pt,EC
78,115,193Pt,IT
78,121,199Pt,B-
78,121,199Pt,IT
78,122,200Pt,B-
78,123,201Pt,B-
78,128,206Pt,B-
78,128,206Pt,B-N
78,129,207Pt,B-
78,129,207Pt,B-N
78,124,202Pt,B-
78,125,203Pt,B-
78,125,203Pt,B-
78,125,203Pt,IT
78,126,204Pt,B-
78,127,205Pt,B-
78,88,166Pt,A
78,87,165Pt,A
78,89,167Pt,A
78,91,169Pt,A
78,90,168Pt,A
78,93,171Pt,A
78,93,171Pt,EC+B+
78,92,170Pt,A
78,95,173Pt,A
78,95,173Pt,EC+B+
78,94,172Pt,A
78,94,172Pt,EC+B+
78,97,175Pt,A
78,97,175Pt,EC+B+
78,96,174Pt,A
78,96,174Pt,EC+B+
78,99,177Pt,EC+B+
78,99,177Pt,A
78,98,176Pt,EC+B+
78,98,176Pt,A
79,92,171Au,P
79,92,171Au,A
79,92,171Au,P
79,91,170Au,P
79,91,170Au,A
79,91,170Au,P
79,91,170Au,A
79,94,173Au,A
79,94,173Au,EC+B+
79,94,173Au,P
79,94,173Au,A
79,94,173Au,EC+B+
79,94,173Au,P
79,93,172Au,A
79,93,172Au,EC+B+
79,93,172Au,P
79,93,172Au,A
79,93,172Au,P
79,93,172Au,EC+B+
79,96,175Au,A
79,96,175Au,EC+B+
79,96,175Au,A
79,96,175Au,EC+B+
79,95,174Au,A
79,95,174Au,EC+B+
79,95,174Au,A
79,95,174Au,EC+B+
79,98,177Au,A
79,98,177Au,EC+B+
79,98,177Au,A
79,98,177Au,EC+B+
79,97,176Au,A
79,97,176Au,EC+B+
79,97,176Au,EC+B+
79,97,176Au,A
79,99,178Au,EC+B+
79,99,178Au,A
79,99,178Au,EC+B+
79,99,178Au,A
79,109,188Au,EC+B+
79,100,179Au,EC+B+
79,100,179Au,A
79,103,182Au,EC+B+
79,103,182Au,A
79,104,183Au,EC+B+
79,104,183Au,A
79,101,180Au,EC+B+
79,101,180Au,A
79,102,181Au,EC+B+
79,102,181Au,A
79,107,186Au,EC+B+
79,107,186Au,A
79,108,187Au,EC+B+
79,108,187Au,A
79,108,187Au,IT
79,105,184Au,EC+B+
79,105,184Au,A
79,105,184Au,EC+B+
79,105,184Au,IT
79,105,184Au,A
79,106,185Au,EC+B+
79,106,185Au,A
79,106,185Au,EC+B+
79,106,185Au,IT
79,110,189Au,EC+B+
79,110,189Au,EC+B+
79,110,189Au,IT
79,111,190Au,EC+B+
79,111,190Au,IT
79,114,193Au,EC+B+
79,114,193Au,IT
79,114,193Au,EC+B+
79,115,194Au,EC+B+
79,115,194Au,IT
79,115,194Au,IT
79,112,191Au,EC+B+
79,112,191Au,IT
79,113,192Au,EC+B+
79,113,192Au,IT
79,118,197Au,IT
79,119,198Au,B-
79,119,198Au,IT
79,116,195Au,EC
79,116,195Au,IT
79,117,196Au,EC+B+
79,117,196Au,B-
79,117,196Au,IT
79,117,196Au,IT
79,121,200Au,B-
79,121,200Au,B-
79,121,200Au,IT
79,122,201Au,B-
79,120,199Au,B-
79,125,204Au,B-
79,126,205Au,B-
79,126,205Au,IT
79,126,205Au,B-
79,123,202Au,B-
79,124,203Au,B-
79,129,208Au,B-
79,129,208Au,B-N
79,127,206Au,B-
79,128,207Au,B-
79,128,207Au,B-N
79,130,209Au,B-
79,130,209Au,B-N
79,131,210Au,B-
79,131,210Au,B-N
80,90,170Hg,A
80,94,174Hg,A
80,93,173Hg,A
80,92,172Hg,A
80,91,171Hg,A
80,98,178Hg,A
80,98,178Hg,EC+B+
80,97,177Hg,A
80,96,176Hg,A
80,96,176Hg,EC+B+
80,95,175Hg,A
80,99,179Hg,A
80,99,179Hg,EC+B+
80,99,179Hg,ECP
80,103,183Hg,A
80,103,183Hg,EC+B+
80,103,183Hg,ECP
80,104,184Hg,EC+B+
80,104,184Hg,A
80,105,185Hg,EC+B+
80,105,185Hg,A
80,105,185Hg,EC+B+
80,105,185Hg,IT
80,105,185Hg,A
80,106,186Hg,EC+B+
80,106,186Hg,A
80,107,187Hg,EC+B+
80,107,187Hg,EC+B+
80,108,188Hg,EC+B+
80,108,188Hg,A
80,109,189Hg,EC+B+
80,109,189Hg,EC+B+
80,110,190Hg,EC+B+
80,111,191Hg,EC+B+
80,111,191Hg,EC+B+
80,112,192Hg,EC
80,113,193Hg,EC+B+
80,113,193Hg,EC+B+
80,113,193Hg,IT
80,114,194Hg,EC
80,115,195Hg,EC+B+
80,115,195Hg,EC+B+
80,115,195Hg,IT
80,117,197Hg,EC+B+
80,117,197Hg,IT
80,117,197Hg,EC+B+
80,119,199Hg,IT
80,123,203Hg,B-
80,100,180Hg,A
80,100,180Hg,EC+B+
80,101,181Hg,A
80,101,181Hg,EC+B+
80,101,181Hg,ECP
80,101,181Hg,ECA
80,102,182Hg,A
80,102,182Hg,EC+B+
80,125,205Hg,B-
80,126,206Hg,B-
80,127,207Hg,B-
80,128,208Hg,B-
80,129,209Hg,B-
80,130,210Hg,B-
80,130,210Hg,B-N
80,131,211Hg,B-
80,131,211Hg,B-N
80,132,212Hg,B-
80,132,212Hg,B-N
80,133,213Hg,B-
80,133,213Hg,B-N
80,134,214Hg,B-
80,134,214Hg,B-N
80,135,215Hg,B-
80,135,215Hg,B-N
80,136,216Hg,B-
80,136,216Hg,B-N
81,111,192Tl,EC+B+
81,111,192Tl,EC+B+
81,112,193Tl,EC+B+
81,112,193Tl,EC+B+
81,112,193Tl,IT
81,110,191Tl,EC+B+
81,110,191Tl,EC+B+
81,108,189Tl,EC+B+
81,108,189Tl,EC+B+
81,108,189Tl,IT
81,109,190Tl,EC+B+
81,109,190Tl,EC+B+
81,106,187Tl,EC+B+
81,106,187Tl,A
81,106,187Tl,EC+B+
81,106,187Tl,IT
81,107,188Tl,EC+B+
81,107,188Tl,EC+B+
81,104,185Tl,EC+B+
81,104,185Tl,IT
81,105,186Tl,A
81,105,186Tl,EC+B+
81,105,186Tl,EC+B+
81,105,186Tl,A
81,105,186Tl,IT
81,105,186Tl,EC+B+
81,102,183Tl,EC+B+
81,102,183Tl,A
81,103,184Tl,EC+B+
81,103,184Tl,A
81,103,184Tl,EC+B+
81,103,184Tl,A
81,103,184Tl,IT
81,103,184Tl,A
81,123,204Tl,B-
81,123,204Tl,EC+B+
81,120,201Tl,EC
81,121,202Tl,EC
81,119,200Tl,EC+B+
81,117,198Tl,EC+B+
81,117,198Tl,EC+B+
81,117,198Tl,IT
81,118,199Tl,EC+B+
81,115,196Tl,EC+B+
81,115,196Tl,EC+B+
81,115,196Tl,IT
81,116,197Tl,EC+B+
81,116,197Tl,IT
81,113,194Tl,EC+B+
81,113,194Tl,EC+B+
81,114,195Tl,EC+B+
81,114,195Tl,IT
81,100,181Tl,EC+B+
81,100,181Tl,A
81,101,182Tl,EC+B+
81,101,182Tl,A
81,101,182Tl,EC+B+
81,101,182Tl,A
81,133,214Tl,B-
81,133,214Tl,B-N
81,134,215Tl,B-
81,134,215Tl,B-N
81,131,212Tl,B-
81,131,212Tl,B-N
81,132,213Tl,B-
81,132,213Tl,B-N
81,130,211Tl,B-
81,130,211Tl,B-N
81,128,209Tl,B-
81,129,210Tl,B-
81,129,210Tl,B-N
81,126,207Tl,B-
81,126,207Tl,IT
81,127,208Tl,B-
81,125,206Tl,B-
81,125,206Tl,IT
81,135,216Tl,B-
81,135,216Tl,B-N
81,136,217Tl,B-
81,136,217Tl,B-N
81,95,176Tl,P
81,96,177Tl,A
81,96,177Tl,P
81,97,178Tl,A
81,97,178Tl,EC+B+
81,97,178Tl,ECSF
81,98,179Tl,A
81,98,179Tl,EC+B+
81,99,180Tl,EC+B+
81,99,180Tl,A
81,99,180Tl,ECSF
82,96,178Pb,A
82,97,179Pb,A
82,98,180Pb,A
82,99,181Pb,A
82,116,198Pb,EC+B+
82,117,199Pb,EC+B+
82,117,199Pb,IT
82,117,199Pb,EC+B+
82,118,200Pb,EC
82,119,201Pb,EC+B+
82,119,201Pb,IT
82,112,194Pb,EC+B+
82,112,194Pb,A
82,113,195Pb,EC+B+
82,113,195Pb,EC+B+
82,114,196Pb,EC+B+
82,114,196Pb,A
82,115,197Pb,EC+B+
82,115,197Pb,EC+B+
82,115,197Pb,IT
82,120,202Pb,EC
82,120,202Pb,IT
82,120,202Pb,EC+B+
82,121,203Pb,EC
82,121,203Pb,IT
82,121,203Pb,IT
82,122,204Pb,IT
82,105,187Pb,EC+B+
82,105,187Pb,A
82,105,187Pb,EC+B+
82,105,187Pb,A
82,106,188Pb,EC+B+
82,106,188Pb,A
82,107,189Pb,EC+B+
82,107,189Pb,A
82,107,189Pb,EC+B+
82,107,189Pb,A
82,108,190Pb,EC+B+
82,108,190Pb,A
82,101,183Pb,A
82,101,183Pb,A
82,101,183Pb,IT
82,102,184Pb,A
82,102,184Pb,EC+B+
82,103,185Pb,A
82,103,185Pb,EC+B+
82,103,185Pb,A
82,103,185Pb,EC+B+
82,104,186Pb,A
82,104,186Pb,EC+B+
82,109,191Pb,EC+B+
82,109,191Pb,A
82,109,191Pb,EC+B+
82,110,192Pb,EC+B+
82,110,192Pb,A
82,111,193Pb,EC+B+
82,111,193Pb,EC+B+
82,100,182Pb,A
82,138,220Pb,B-
82,134,216Pb,B-
82,135,217Pb,B-
82,136,218Pb,B-
82,137,219Pb,B-
82,127,209Pb,B-
82,128,210Pb,B-
82,128,210Pb,A
82,129,211Pb,B-
82,123,205Pb,EC
82,125,207Pb,IT
82,130,212Pb,B-
82,131,213Pb,B-
82,132,214Pb,B-
82,133,215Pb,B-
83,120,203Bi,EC+B+
83,120,203Bi,IT
83,121,204Bi,EC+B+
83,113,196Bi,EC+B+
83,113,196Bi,A
83,113,196Bi,EC+B+
83,113,196Bi,IT
83,113,196Bi,EC+B+
83,113,196Bi,IT
83,113,196Bi,A
83,114,197Bi,EC+B+
83,114,197Bi,A
83,114,197Bi,A
83,114,197Bi,EC+B+
83,114,197Bi,IT
83,111,194Bi,EC+B+
83,111,194Bi,A
83,111,194Bi,EC+B+
83,111,194Bi,EC+B+
83,111,194Bi,A
83,112,195Bi,EC+B+
83,112,195Bi,A
83,112,195Bi,EC+B+
83,112,195Bi,A
83,117,200Bi,EC+B+
83,117,200Bi,EC+B+
83,117,200Bi,IT
83,117,200Bi,IT
83,118,201Bi,EC+B+
83,118,201Bi,IT
83,118,201Bi,EC+B+
83,118,201Bi,A
83,115,198Bi,EC+B+
83,115,198Bi,EC+B+
83,115,198Bi,IT
83,116,199Bi,EC+B+
83,116,199Bi,EC+B+
83,116,199Bi,IT
83,116,199Bi,A
83,119,202Bi,EC+B+
83,110,193Bi,EC+B+
83,110,193Bi,A
83,110,193Bi,A
83,110,193Bi,EC+B+
83,102,185Bi,P
83,102,185Bi,A
83,103,186Bi,A
83,103,186Bi,ECSF
83,103,186Bi,EC+B+
83,101,184Bi,A
83,106,189Bi,A
83,107,190Bi,A
83,107,190Bi,EC+B+
83,107,190Bi,ECSF
83,107,190Bi,A
83,107,190Bi,EC+B+
83,107,190Bi,ECSF
83,104,187Bi,A
83,105,188Bi,A
83,105,188Bi,ECSF
83,105,188Bi,A
83,105,188Bi,ECSF
83,108,191Bi,A
83,108,191Bi,EC+B+
83,108,191Bi,A
83,108,191Bi,IT
83,108,191Bi,EC+B+
83,109,192Bi,EC+B+
83,109,192Bi,A
83,109,192Bi,EC+B+
83,109,192Bi,A
83,140,223Bi,B-
83,140,223Bi,B-N
83,141,224Bi,B-
83,141,224Bi,B-N
83,135,218Bi,B-
83,136,219Bi,B-
83,133,216Bi,B-
83,133,216Bi,B-
83,134,217Bi,B-
83,139,222Bi,B-
83,139,222Bi,B-N
83,137,220Bi,B-
83,138,221Bi,B-
83,138,221Bi,B-N
83,131,214Bi,B-
83,131,214Bi,A
83,131,214Bi,B-
83,131,214Bi,IT
83,132,215Bi,B-
83,132,215Bi,B-
83,132,215Bi,IT
83,130,213Bi,B-
83,130,213Bi,A
83,124,207Bi,EC+B+
83,125,208Bi,EC+B+
83,122,205Bi,EC+B+
83,123,206Bi,EC+B+
83,128,211Bi,A
83,128,211Bi,B-
83,129,212Bi,A
83,129,212Bi,B-
83,129,212Bi,A
83,129,212Bi,B-
83,129,212Bi,B-A
83,129,212Bi,B-
83,129,212Bi,IT
83,126,209Bi,A
83,127,210Bi,B-
83,127,210Bi,A
83,127,210Bi,A
84,121,205Po,EC+B+
84,121,205Po,A
84,122,206Po,EC+B+
84,122,206Po,A
84,123,207Po,EC+B+
84,123,207Po,A
84,123,207Po,IT
84,124,208Po,A
84,124,208Po,EC+B+
84,125,209Po,A
84,125,209Po,EC+B+
84,126,210Po,A
84,127,211Po,A
84,127,211Po,A
84,127,211Po,IT
84,128,212Po,A
84,128,212Po,A
84,128,212Po,IT
84,129,213Po,A
84,130,214Po,A
84,131,215Po,A
84,131,215Po,B-
84,132,216Po,A
84,133,217Po,A
84,133,217Po,B-
84,134,218Po,A
84,134,218Po,B-
84,135,219Po,B-
84,135,219Po,A
84,136,220Po,B-
84,137,221Po,B-
84,138,222Po,B-
84,139,223Po,B-
84,140,224Po,B-
84,141,225Po,B-
84,142,226Po,B-
84,143,227Po,B-
84,102,186Po,A
84,103,187Po,A
84,104,188Po,A
84,105,189Po,A
84,106,190Po,A
84,107,191Po,A
84,107,191Po,EC+B+
84,108,192Po,A
84,109,193Po,A
84,109,193Po,A
84,110,194Po,A
84,110,194Po,EC+B+
84,111,195Po,A
84,111,195Po,EC+B+
84,111,195Po,A
84,112,196Po,A
84,112,196Po,EC+B+
84,113,197Po,A
84,113,197Po,EC+B+
84,113,197Po,A
84,113,197Po,EC+B+
84,113,197Po,IT
84,114,198Po,A
84,114,198Po,EC+B+
84,115,199Po,EC+B+
84,115,199Po,A
84,115,199Po,A
84,115,199Po,EC+B+
84,115,199Po,IT
84,116,200Po,EC+B+
84,116,200Po,A
84,117,201Po,EC+B+
84,117,201Po,A
84,117,201Po,EC+B+
84,117,201Po,IT
84,117,201Po,A
84,118,202Po,EC+B+
84,118,202Po,A
84,119,203Po,EC+B+
84,119,203Po,A
84,119,203Po,IT
84,120,204Po,EC+B+
84,120,204Po,A
85,108,193At,A
85,109,194At,A
85,109,194At,ECSF
85,109,194At,EC+B+
85,109,194At,A
85,109,194At,ECSF
85,109,194At,EC+B+
85,109,194At,IT
85,106,191At,A
85,107,192At,A
85,107,192At,ECSF
85,107,192At,A
85,107,192At,ECSF
85,119,204At,EC+B+
85,119,204At,A
85,119,204At,IT
85,117,202At,EC+B+
85,117,202At,A
85,117,202At,EC+B+
85,117,202At,A
85,117,202At,IT
85,117,202At,A
85,118,203At,EC+B+
85,118,203At,A
85,115,200At,A
85,115,200At,EC+B+
85,115,200At,A
85,115,200At,EC+B+
85,115,200At,A
85,115,200At,IT
85,115,200At,EC+B+
85,116,201At,A
85,116,201At,EC+B+
85,113,198At,A
85,113,198At,EC+B+
85,113,198At,A
85,113,198At,EC+B+
85,114,199At,A
85,114,199At,EC+B+
85,114,199At,IT
85,114,199At,A
85,111,196At,A
85,111,196At,EC+B+
85,111,196At,ECSF
85,112,197At,A
85,112,197At,EC+B+
85,112,197At,A
85,112,197At,EC+B+
85,112,197At,IT
85,110,195At,A
85,110,195At,A
85,110,195At,IT
85,128,213At,A
85,129,214At,A
85,126,211At,A
85,126,211At,EC
85,127,212At,A
85,127,212At,A
85,127,212At,IT
85,124,209At,EC+B+
85,124,209At,A
85,125,210At,EC+B+
85,125,210At,A
85,122,207At,EC+B+
85,122,207At,A
85,123,208At,EC+B+
85,123,208At,A
85,120,205At,EC+B+
85,120,205At,A
85,121,206At,EC+B+
85,121,206At,A
85,130,215At,A
85,139,224At,B-
85,137,222At,B-
85,138,223At,B-
85,135,220At,B-
85,135,220At,A
85,136,221At,B-
85,133,218At,A
85,133,218At,B-
85,134,219At,A
85,134,219At,B-
85,131,216At,A
85,132,217At,A
85,132,217At,B-
85,140,225At,B-
85,141,226At,B-
85,144,229At,B-
85,144,229At,B-N
85,142,227At,B-
85,142,227At,B-N
85,143,228At,B-
85,143,228At,B-N
86,128,214Rn,A
86,127,213Rn,A
86,129,215Rn,A
86,124,210Rn,A
86,124,210Rn,EC+B+
86,123,209Rn,A
86,123,209Rn,EC+B+
86,126,212Rn,A
86,125,211Rn,A
86,125,211Rn,EC
86,120,206Rn,A
86,120,206Rn,EC+B+
86,122,208Rn,A
86,122,208Rn,EC+B+
86,121,207Rn,A
86,121,207Rn,EC+B+
86,140,226Rn,B-
86,139,225Rn,B-
86,138,224Rn,B-
86,135,221Rn,A
86,135,221Rn,B-
86,134,220Rn,A
86,137,223Rn,B-
86,136,222Rn,A
86,131,217Rn,A
86,130,216Rn,A
86,133,219Rn,A
86,132,218Rn,A
86,145,231Rn,B-
86,142,228Rn,B-
86,141,227Rn,B-
86,144,230Rn,B-
86,143,229Rn,B-
86,109,195Rn,A
86,109,195Rn,A
86,108,194Rn,A
86,107,193Rn,A
86,117,203Rn,A
86,117,203Rn,EC+B+
86,117,203Rn,A
86,117,203Rn,EC+B+
86,116,202Rn,A
86,116,202Rn,EC+B+
86,119,205Rn,A
86,119,205Rn,EC+B+
86,118,204Rn,A
86,118,204Rn,EC+B+
86,113,199Rn,A
86,113,199Rn,A
86,112,198Rn,A
86,112,198Rn,EC+B+
86,115,201Rn,A
86,115,201Rn,EC+B+
86,115,201Rn,A
86,115,201Rn,EC+B+
86,114,200Rn,A
86,114,200Rn,EC+B+
86,111,197Rn,A
86,110,196Rn,A
86,110,196Rn,EC+B+
87,139,226Fr,B-
87,138,225Fr,B-
87,137,224Fr,B-
87,132,219Fr,A
87,131,218Fr,A
87,130,217Fr,A
87,136,223Fr,B-
87,136,223Fr,A
87,135,222Fr,B-
87,134,221Fr,A
87,134,221Fr,B-
87,134,221Fr,14C
87,133,220Fr,A
87,133,220Fr,B-
87,129,216Fr,A
87,128,215Fr,A
87,127,214Fr,A
87,126,213Fr,A
87,126,213Fr,EC+B+
87,121,208Fr,A
87,121,208Fr,EC+B+
87,120,207Fr,A
87,120,207Fr,EC+B+
87,125,212Fr,A
87,125,212Fr,EC+B+
87,124,211Fr,A
87,124,211Fr,EC
87,123,210Fr,A
87,123,210Fr,EC+B+
87,122,209Fr,A
87,122,209Fr,EC+B+
87,143,230Fr,B-
87,142,229Fr,B-
87,141,228Fr,B-
87,140,227Fr,B-
87,146,233Fr,B-
87,146,233Fr,B-N
87,145,232Fr,B-
87,144,231Fr,B-
87,118,205Fr,A
87,118,205Fr,EC+B+
87,117,204Fr,A
87,117,204Fr,EC+B+
87,117,204Fr,A
87,117,204Fr,EC+B+
87,117,204Fr,A
87,117,204Fr,EC+B+
87,116,203Fr,A
87,116,203Fr,IT
87,116,203Fr,A
87,115,202Fr,A
87,115,202Fr,A
87,119,206Fr,A
87,119,206Fr,EC+B+
87,119,206Fr,A
87,119,206Fr,EC+B+
87,119,206Fr,IT
87,119,206Fr,A
87,110,197Fr,A
87,114,201Fr,A
87,114,201Fr,A
87,113,200Fr,A
87,113,200Fr,ECSF
87,112,199Fr,A
87,111,198Fr,A
87,111,198Fr,A
88,137,225Ra,B-
88,136,224Ra,A
88,136,224Ra,14C
88,139,227Ra,B-
88,138,226Ra,A
88,138,226Ra,14C
88,131,219Ra,A
88,130,218Ra,A
88,133,221Ra,A
88,133,221Ra,14C
88,132,220Ra,A
88,135,223Ra,A
88,135,223Ra,14C
88,134,222Ra,A
88,134,222Ra,14C
88,126,214Ra,A
88,126,214Ra,EC
88,125,213Ra,A
88,125,213Ra,EC+B+
88,128,216Ra,A
88,127,215Ra,A
88,129,217Ra,A
88,120,208Ra,A
88,120,208Ra,EC+B+
88,122,210Ra,A
88,121,209Ra,A
88,124,212Ra,A
88,123,211Ra,A
88,140,228Ra,B-
88,142,230Ra,B-
88,141,229Ra,B-
88,144,232Ra,B-
88,143,231Ra,B-
88,146,234Ra,B-
88,145,233Ra,B-
88,115,203Ra,A
88,114,202Ra,A
88,117,205Ra,A
88,117,205Ra,A
88,116,204Ra,A
88,119,207Ra,A
88,119,207Ra,EC+B+
88,118,206Ra,A
88,113,201Ra,A
88,113,201Ra,A
89,119,208Ac,A
89,118,207Ac,A
89,117,206Ac,A
89,117,206Ac,A
89,116,205Ac,A
89,145,234Ac,B-
89,144,233Ac,B-
89,143,232Ac,B-
89,142,231Ac,B-
89,141,230Ac,B-
89,141,230Ac,B-SF
89,140,229Ac,B-
89,147,236Ac,B-
89,146,235Ac,B-
89,123,212Ac,A
89,122,211Ac,A
89,121,210Ac,A
89,120,209Ac,A
89,129,218Ac,A
89,128,217Ac,A
89,127,216Ac,A
89,126,215Ac,A
89,126,215Ac,EC+B+
89,125,214Ac,A
89,125,214Ac,EC+B+
89,124,213Ac,A
89,134,223Ac,A
89,134,223Ac,EC
89,133,222Ac,A
89,133,222Ac,EC+B+
89,133,222Ac,A
89,133,222Ac,EC+B+
89,133,222Ac,IT
89,132,221Ac,A
89,131,220Ac,A
89,130,219Ac,A
89,139,228Ac,B-
89,138,227Ac,B-
89,138,227Ac,A
89,137,226Ac,B-
89,137,226Ac,EC
89,137,226Ac,A
89,136,225Ac,A
89,136,225Ac,14C
89,135,224Ac,EC+B+
89,135,224Ac,A
90,148,238Th,B-
90,145,235Th,B-
90,144,234Th,B-
90,147,237Th,B-
90,146,236Th,B-
90,141,231Th,B-
90,140,230Th,A
90,140,230Th,24NE
90,143,233Th,B-
90,142,232Th,A
90,142,232Th,SF
90,138,228Th,A
90,138,228Th,20O
90,137,227Th,A
90,139,229Th,A
90,134,224Th,A
90,133,223Th,A
90,136,226Th,A
90,135,225Th,A
90,135,225Th,EC
90,130,220Th,A
90,132,222Th,A
90,131,221Th,A
90,127,217Th,A
90,126,216Th,A
90,129,219Th,A
90,128,218Th,A
90,123,213Th,A
90,122,212Th,A
90,125,215Th,A
90,124,214Th,A
90,121,211Th,A
90,120,210Th,A
90,119,209Th,A
90,118,208Th,A
91,120,211Pa,A
91,120,211Pa,P
91,124,215Pa,A
91,123,214Pa,A
91,122,213Pa,A
91,121,212Pa,A
91,128,219Pa,A
91,127,218Pa,A
91,126,217Pa,A
91,125,216Pa,A
91,129,220Pa,A
91,131,222Pa,A
91,130,221Pa,A
91,135,226Pa,A
91,135,226Pa,EC+B+
91,134,225Pa,A
91,133,224Pa,A
91,132,223Pa,A
91,139,230Pa,B-
91,139,230Pa,EC+B+
91,139,230Pa,A
91,138,229Pa,EC
91,138,229Pa,A
91,137,228Pa,EC+B+
91,137,228Pa,A
91,136,227Pa,A
91,136,227Pa,EC
91,142,233Pa,B-
91,141,232Pa,B-
91,140,231Pa,A
91,140,231Pa,24NE
91,146,237Pa,B-
91,145,236Pa,B-
91,144,235Pa,B-
91,143,234Pa,B-
91,143,234Pa,B-
91,143,234Pa,IT
91,148,239Pa,B-
91,147,238Pa,B-
92,123,215U,A
92,130,222U,A
92,132,224U,A
92,131,223U,A
92,134,226U,A
92,133,225U,A
92,125,217U,A
92,124,216U,A
92,127,219U,A
92,126,218U,A
92,129,221U,A
92,141,233U,A
92,141,233U,24NE
92,140,232U,A
92,140,232U,SF
92,140,232U,24NE
92,143,235U,A
92,143,235U,SF
92,143,235U,20NE
92,143,235U,25NE
92,143,235U,28MG
92,143,235U,IT
92,142,234U,A
92,142,234U,SF
92,142,234U,28MG
92,142,234U,NE
92,145,237U,B-
92,144,236U,A
92,144,236U,SF
92,136,228U,A
92,136,228U,EC
92,135,227U,A
92,138,230U,A
92,138,230U,22NE
92,137,229U,A
92,137,229U,EC
92,139,231U,EC
92,139,231U,A
92,150,242U,B-
92,147,239U,B-
92,146,238U,A
92,146,238U,SF
92,146,238U,2B-
92,149,241U,B-
92,148,240U,B-
93,129,222Np,A
93,127,220Np,A
93,126,219Np,A
93,133,226Np,A
93,132,225Np,A
93,131,224Np,A
93,130,223Np,A
93,149,242Np,B-
93,149,242Np,B-
93,148,241Np,B-
93,147,240Np,B-
93,147,240Np,B-
93,147,240Np,IT
93,146,239Np,B-
93,145,238Np,B-
93,151,244Np,B-
93,150,243Np,B-
93,139,232Np,EC+B+
93,138,231Np,EC+B+
93,138,231Np,A
93,137,230Np,EC+B+
93,137,230Np,A
93,136,229Np,A
93,136,229Np,EC+B+
93,135,228Np,EC+B+
93,135,228Np,A
93,134,227Np,A
93,144,237Np,A
93,143,236Np,B-
93,143,236Np,EC
93,143,236Np,A
93,143,236Np,B-
93,143,236Np,EC
93,142,235Np,EC
93,142,235Np,A
93,141,234Np,EC+B+
93,140,233Np,EC
93,140,233Np,A
94,152,246Pu,B-
94,151,245Pu,B-
94,153,247Pu,B-
94,150,244Pu,A
94,150,244Pu,SF
94,150,244Pu,IT
94,149,243Pu,B-
94,148,242Pu,A
94,148,242Pu,SF
94,145,239Pu,A
94,145,239Pu,SF
94,144,238Pu,A
94,144,238Pu,SF
94,144,238Pu,SI
94,144,238Pu,MG
94,147,241Pu,B-
94,147,241Pu,A
94,146,240Pu,A
94,146,240Pu,SF
94,141,235Pu,EC+B+
94,141,235Pu,A
94,140,234Pu,EC
94,140,234Pu,A
94,143,237Pu,EC
94,143,237Pu,A
94,143,237Pu,IT
94,142,236Pu,A
94,142,236Pu,SF
94,142,236Pu,28MG
94,138,232Pu,EC
94,138,232Pu,A
94,137,231Pu,EC+B+
94,137,231Pu,A
94,139,233Pu,EC+B+
94,139,233Pu,A
94,134,228Pu,A
94,136,230Pu,A
94,135,229Pu,A
94,135,229Pu,EC+B+
95,135,230Am,EC+B+
95,135,230Am,ECSF
95,134,229Am,A
95,139,234Am,EC+B+
95,139,234Am,A
95,139,234Am,ECSF
95,138,233Am,EC+B+
95,138,233Am,A
95,137,232Am,EC+B+
95,137,232Am,ECSF
95,142,237Am,EC+B+
95,142,237Am,A
95,141,236Am,EC+B+
95,141,236Am,A
95,141,236Am,EC+B+
95,141,236Am,A
95,140,235Am,EC+B+
95,140,235Am,A
95,146,241Am,A
95,146,241Am,SF
95,145,240Am,EC+B+
95,145,240Am,A
95,144,239Am,EC
95,144,239Am,A
95,143,238Am,EC+B+
95,143,238Am,A
95,149,244Am,B-
95,149,244Am,B-
95,149,244Am,EC
95,148,243Am,A
95,148,243Am,SF
95,147,242Am,B-
95,147,242Am,EC
95,147,242Am,IT
95,147,242Am,A
95,152,247Am,B-
95,151,246Am,B-
95,151,246Am,B-
95,151,246Am,IT
95,150,245Am,B-
95,128,223Am,A
96,141,237Cm,EC+B+
96,141,237Cm,A
96,140,236Cm,EC+B+
96,140,236Cm,A
96,138,234Cm,A
96,138,234Cm,EC+B+
96,138,234Cm,SF
96,137,233Cm,A
96,137,233Cm,EC+B+
96,139,235Cm,EC+B+
96,139,235Cm,A
96,150,246Cm,A
96,150,246Cm,SF
96,150,246Cm,IT
96,152,248Cm,A
96,152,248Cm,SF
96,151,247Cm,A
96,143,239Cm,EC+B+
96,143,239Cm,A
96,142,238Cm,EC
96,142,238Cm,A
96,142,238Cm,SF
96,145,241Cm,EC
96,145,241Cm,A
96,144,240Cm,A
96,144,240Cm,EC
96,144,240Cm,SF
96,147,243Cm,A
96,147,243Cm,EC
96,147,243Cm,SF
96,146,242Cm,A
96,146,242Cm,SF
96,146,242Cm,34SI
96,149,245Cm,A
96,149,245Cm,SF
96,148,244Cm,A
96,148,244Cm,SF
96,154,250Cm,SF
96,154,250Cm,A
96,154,250Cm,B-
96,153,249Cm,B-
96,155,251Cm,B-
97,141,238Bk,EC+B+
97,141,238Bk,ECSF
97,142,239Bk,EC+B+
97,142,239Bk,A
97,142,239Bk,SF
97,143,240Bk,EC+B+
97,143,240Bk,ECSF
97,144,241Bk,EC+B+
97,144,241Bk,A
97,145,242Bk,EC+B+
97,145,242Bk,A
97,145,242Bk,SF
97,146,243Bk,EC+B+
97,146,243Bk,A
97,147,244Bk,EC+B+
97,147,244Bk,A
97,148,245Bk,EC
97,148,245Bk,A
97,149,246Bk,EC+B+
97,150,247Bk,A
97,151,248Bk,A
97,151,248Bk,EC
97,151,248Bk,B-
97,151,248Bk,EC
97,136,233Bk,A
97,136,233Bk,EC+B+
97,137,234Bk,A
97,137,234Bk,EC+B+
97,139,236Bk,EC+B+
97,139,236Bk,ECSF
97,139,236Bk,A
97,140,237Bk,EC+B+
97,140,237Bk,A
97,152,249Bk,B-
97,152,249Bk,A
97,152,249Bk,SF
97,153,250Bk,B-
97,154,251Bk,B-
97,155,252Bk,B-
97,156,253Bk,B-
98,148,246Cf,A
98,148,246Cf,SF
98,149,247Cf,EC
98,149,247Cf,A
98,146,244Cf,A
98,146,244Cf,EC
98,147,245Cf,EC+B+
98,147,245Cf,A
98,144,242Cf,A
98,144,242Cf,EC+B+
98,144,242Cf,SF
98,145,243Cf,EC+B+
98,145,243Cf,A
98,142,240Cf,A
98,142,240Cf,SF
98,143,241Cf,EC+B+
98,143,241Cf,A
98,140,238Cf,SF
98,140,238Cf,A
98,141,239Cf,A
98,141,239Cf,EC+B+
98,150,248Cf,A
98,150,248Cf,SF
98,139,237Cf,A
98,139,237Cf,SF
98,157,255Cf,B-
98,158,256Cf,SF
98,155,253Cf,B-
98,155,253Cf,A
98,156,254Cf,SF
98,156,254Cf,A
98,153,251Cf,A
98,153,251Cf,SF
98,154,252Cf,A
98,154,252Cf,SF
98,151,249Cf,A
98,151,249Cf,SF
98,152,250Cf,A
98,152,250Cf,SF
99,147,246Es,EC+B+
99,147,246Es,A
99,147,246Es,ECSF
99,148,247Es,EC+B+
99,148,247Es,A
99,149,248Es,EC+B+
99,149,248Es,A
99,149,248Es,ECSF
99,143,242Es,A
99,143,242Es,EC+B+
99,143,242Es,ECSF
99,144,243Es,A
99,144,243Es,EC+B+
99,144,243Es,SF
99,145,244Es,EC+B+
99,145,244Es,A
99,145,244Es,ECSF
99,146,245Es,A
99,146,245Es,EC+B+
99,141,240Es,A
99,141,240Es,EC+B+
99,141,240Es,ECSF
99,142,241Es,A
99,142,241Es,EC+B+
99,158,257Es,B-
99,158,257Es,SF
99,158,257Es,A
99,154,253Es,A
99,154,253Es,SF
99,155,254Es,A
99,155,254Es,B-
99,155,254Es,SF
99,155,254Es,B-
99,155,254Es,A
99,155,254Es,EC
99,155,254Es,IT
99,155,254Es,SF
99,156,255Es,B-
99,156,255Es,A
99,156,255Es,SF
99,157,256Es,B-
99,157,256Es,B-
99,157,256Es,B-SF
99,150,249Es,EC+B+
99,150,249Es,A
99,151,250Es,EC+B+
99,151,250Es,A
99,151,250Es,EC+B+
99,151,250Es,A
99,152,251Es,EC
99,152,251Es,A
99,153,252Es,A
99,153,252Es,EC
100,141,241Fm,SF
100,141,241Fm,EC+B+
100,141,241Fm,A
100,145,245Fm,A
100,145,245Fm,EC+B+
100,145,245Fm,SF
100,144,244Fm,SF
100,144,244Fm,A
100,144,244Fm,EC+B+
100,143,243Fm,A
100,143,243Fm,SF
100,143,243Fm,EC+B+
100,142,242Fm,SF
100,149,249Fm,EC+B+
100,149,249Fm,A
100,148,248Fm,A
100,148,248Fm,SF
100,148,248Fm,EC+B+
100,147,247Fm,A
100,147,247Fm,EC+B+
100,147,247Fm,A
100,147,247Fm,IT
100,146,246Fm,A
100,146,246Fm,SF
100,146,246Fm,EC+B+
100,152,252Fm,A
100,152,252Fm,SF
100,151,251Fm,EC+B+
100,151,251Fm,A
100,150,250Fm,A
100,150,250Fm,SF
100,150,250Fm,EC
100,150,250Fm,IT
100,150,250Fm,A
100,156,256Fm,SF
100,156,256Fm,A
100,155,255Fm,A
100,155,255Fm,SF
100,154,254Fm,A
100,154,254Fm,SF
100,153,253Fm,A
100,153,253Fm,EC
100,159,259Fm,SF
100,158,258Fm,SF
100,157,257Fm,A
100,157,257Fm,SF
101,151,252Md,EC+B+
101,151,252Md,A
101,150,251Md,EC+B+
101,150,251Md,A
101,150,251Md,IT
101,153,254Md,EC+B+
101,153,254Md,EC+B+
101,152,253Md,EC+B+
101,152,253Md,A
101,155,256Md,EC+B+
101,155,256Md,A
101,155,256Md,SF
101,154,255Md,EC
101,154,255Md,A
101,154,255Md,SF
101,157,258Md,A
101,157,258Md,EC
101,157,258Md,A
101,157,258Md,SF
101,156,257Md,EC
101,156,257Md,A
101,156,257Md,SF
101,159,260Md,A
101,159,260Md,B-
101,159,260Md,EC
101,159,260Md,SF
101,158,259Md,SF
101,158,259Md,A
101,144,245Md,A
101,143,244Md,A
101,143,244Md,EC+B+
101,146,247Md,A
101,146,247Md,SF
101,146,247Md,IT
101,146,247Md,SF
101,145,246Md,A
101,145,246Md,SF
101,145,246Md,EC+B+
101,145,246Md,A
101,145,246Md,ECSF
101,145,246Md,EC+B+
101,148,249Md,A
101,148,249Md,EC+B+
101,148,249Md,A
101,148,249Md,IT
101,147,248Md,EC+B+
101,147,248Md,A
101,149,250Md,EC+B+
101,149,250Md,A
101,149,250Md,ECSF
101,149,250Md,A
101,149,250Md,EC+B+
101,149,250Md,IT
102,158,260No,SF
102,157,259No,A
102,157,259No,EC
102,157,259No,SF
102,156,258No,SF
102,155,257No,A
102,155,257No,EC
102,155,257No,SF
102,154,256No,A
102,154,256No,SF
102,153,255No,EC+B+
102,153,255No,A
102,152,254No,A
102,152,254No,EC
102,152,254No,SF
102,152,254No,IT
102,152,254No,SF
102,152,254No,A
102,151,253No,A
102,151,253No,EC+B+
102,150,252No,A
102,150,252No,SF
102,150,252No,EC+B+
102,150,252No,IT
102,160,262No,SF
102,149,251No,A
102,149,251No,EC+B+
102,149,251No,SF
102,149,251No,A
102,148,250No,SF
102,147,249No,A
102,147,249No,SF
103,159,262Lr,SF
103,159,262Lr,A
103,159,262Lr,EC+B+
103,158,261Lr,SF
103,158,261Lr,A
103,155,258Lr,A
103,155,258Lr,EC+B+
103,154,257Lr,A
103,154,257Lr,EC+B+
103,154,257Lr,SF
103,154,257Lr,A
103,154,257Lr,IT
103,157,260Lr,A
103,157,260Lr,EC+B+
103,156,259Lr,A
103,156,259Lr,SF
103,151,254Lr,A
103,151,254Lr,EC+B+
103,151,254Lr,SF
103,151,254Lr,A
103,151,254Lr,IT
103,151,254Lr,EC+B+
103,150,253Lr,A
103,150,253Lr,SF
103,150,253Lr,A
103,150,253Lr,SF
103,153,256Lr,A
103,153,256Lr,EC+B+
103,152,255Lr,A
103,152,255Lr,EC+B+
103,152,255Lr,SF
103,152,255Lr,A
103,152,255Lr,IT
103,161,264Lr,SF
103,163,266Lr,SF
103,148,251Lr,A
103,148,251Lr,A
103,149,252Lr,A
103,149,252Lr,SF
103,149,252Lr,EC+B+
104,163,267Rf,SF
104,161,265Rf,SF
104,161,265Rf,A
104,156,260Rf,SF
104,156,260Rf,A
104,155,259Rf,A
104,155,259Rf,EC+B+
104,155,259Rf,SF
104,154,258Rf,SF
104,154,258Rf,A
104,153,257Rf,A
104,153,257Rf,EC+B+
104,153,257Rf,SF
104,153,257Rf,A
104,153,257Rf,IT
104,153,257Rf,EC+B+
104,153,257Rf,SF
104,159,263Rf,SF
104,159,263Rf,A
104,158,262Rf,SF
104,157,261Rf,A
104,157,261Rf,SF
104,157,261Rf,A
104,152,256Rf,SF
104,152,256Rf,A
104,151,255Rf,A
104,151,255Rf,SF
104,151,255Rf,EC+B+
104,150,254Rf,SF
104,150,254Rf,A
104,149,253Rf,A
104,149,253Rf,SF
105,163,268Db,SF
105,163,268Db,A
105,165,270Db,SF
105,165,270Db,A
105,162,267Db,SF
105,161,266Db,SF
105,161,266Db,A
105,161,266Db,EC+B+
105,153,258Db,A
105,153,258Db,EC+B+
105,153,258Db,A
105,153,258Db,EC+B+
105,152,257Db,A
105,152,257Db,SF
105,152,257Db,A
105,152,257Db,SF
105,155,260Db,A
105,155,260Db,SF
105,154,259Db,A
105,157,262Db,SF
105,157,262Db,A
105,157,262Db,EC+B+
105,156,261Db,A
105,156,261Db,SF
105,158,263Db,A
105,158,263Db,SF
105,158,263Db,EC+B+
105,151,256Db,A
105,151,256Db,EC+B+
105,151,256Db,SF
105,150,255Db,SF
105,150,255Db,A
105,150,255Db,SF
105,150,255Db,A
106,158,264Sg,SF
106,158,264Sg,A
106,157,263Sg,A
106,157,263Sg,SF
106,157,263Sg,A
106,157,263Sg,IT
106,157,263Sg,SF
106,156,262Sg,SF
106,156,262Sg,A
106,155,261Sg,A
106,155,261Sg,SF
106,155,261Sg,EC+B+
106,154,260Sg,A
106,154,260Sg,SF
106,153,259Sg,A
106,153,259Sg,SF
106,153,259Sg,EC+B+
106,153,259Sg,A
106,153,259Sg,SF
106,152,258Sg,SF
106,152,258Sg,A
106,159,265Sg,A
106,159,265Sg,SF
106,159,265Sg,A
106,159,265Sg,SF
106,161,267Sg,SF
106,161,267Sg,A
106,160,266Sg,SF
106,165,271Sg,A
106,165,271Sg,SF
106,163,269Sg,A
107,171,278Bh,SF
107,171,278Bh,A
107,155,262Bh,A
107,155,262Bh,A
107,154,261Bh,A
107,154,261Bh,SF
107,157,264Bh,A
107,157,264Bh,SF
107,153,260Bh,A
107,153,260Bh,SF
107,153,260Bh,EC+B+
107,160,267Bh,A
107,165,272Bh,A
107,167,274Bh,A
107,167,274Bh,SF
107,164,271Bh,A
107,163,270Bh,A
107,163,270Bh,SF
107,159,266Bh,A
107,159,266Bh,SF
107,158,265Bh,A
108,159,267Hs,A
108,159,267Hs,A
108,158,266Hs,A
108,158,266Hs,SF
108,158,266Hs,A
108,157,265Hs,A
108,157,265Hs,SF
108,163,271Hs,A
108,162,270Hs,A
108,162,270Hs,SF
108,161,269Hs,A
108,160,268Hs,A
108,167,275Hs,A
108,165,273Hs,A
108,156,264Hs,A
108,156,264Hs,SF
108,155,263Hs,A
108,155,263Hs,SF
108,169,277Hs,SF
109,168,277Mt,SF
109,167,276Mt,A
109,167,276Mt,A
109,169,278Mt,A
109,169,278Mt,SF
109,161,270Mt,A
109,166,275Mt,A
109,165,274Mt,A
109,165,274Mt,SF
109,157,266Mt,A
109,157,266Mt,SF
109,159,268Mt,A
110,157,267Ds,A
110,159,269Ds,A
110,171,281Ds,SF
110,171,281Ds,A
110,170,280Ds,SF
110,172,282Ds,A
110,172,282Ds,SF
110,160,270Ds,A
110,160,270Ds,SF
110,167,277Ds,A
110,163,273Ds,A
110,161,271Ds,A
110,161,271Ds,A
110,169,279Ds,SF
110,169,279Ds,A
110,169,279Ds,SF
111,175,286Rg,A
111,175,286Rg,SF
111,171,282Rg,A
111,171,282Rg,SF
111,170,281Rg,SF
111,170,281Rg,A
111,167,278Rg,A
111,167,278Rg,SF
111,163,274Rg,A
111,161,272Rg,A
111,168,279Rg,A
111,169,280Rg,A
112,165,277Cn,A
112,169,281Cn,A
112,174,286Cn,A
112,174,286Cn,SF
112,170,282Cn,SF
112,170,282Cn,A
112,171,283Cn,A
112,171,283Cn,SF
112,172,284Cn,SF
112,172,284Cn,A
112,173,285Cn,A
113,165,278Nh,A
113,169,282Nh,A
113,169,282Nh,SF
113,171,284Nh,A
113,172,285Nh,A
113,170,283Nh,A
113,173,286Nh,A
113,173,286Nh,SF
113,177,290Nh,A
113,177,290Nh,SF
114,170,284Fl,SF
114,170,284Fl,A
114,171,285Fl,A
114,171,285Fl,SF
114,172,286Fl,A
114,172,286Fl,SF
114,173,287Fl,A
114,174,288Fl,A
114,174,288Fl,SF
114,175,289Fl,A
114,176,290Fl,EC+B+
114,176,290Fl,SF
114,176,290Fl,A
115,175,290Mc,A
115,175,290Mc,SF
115,173,288Mc,A
115,174,289Mc,A
115,172,287Mc,A
116,174,290Lv,A
116,174,290Lv,SF
116,175,291Lv,A
116,176,292Lv,A
116,176,292Lv,SF
116,177,293Lv,A
117,176,293Ts,A
117,177,294Ts,A
118,176,294Og,A
118,176,294Og,SF
